tic_id,period,duration,depth,t0,bls_power,label,log_period,log_depth,teff,probability,predicted,actual
100229772,9.462777042380733,2.4000000000000004,0.0029462231328011,1318.3190160856343,0.0430669277885512,1,0.9760186075639716,3.4692656351320648,5800,0.01374,0,1
100229772,9.462777042380733,2.4000000000000004,0.0029462231328011,1318.3190160856343,0.0430669277885512,1,0.9760186075639716,3.4692656351320648,5800,0.01369,0,1
100229772,9.462777042380733,2.4000000000000004,0.0029462231328011,1318.3190160856343,0.0430669277885512,1,0.9760186075639716,3.4692656351320648,5800,0.013794,0,1
100229772,9.462777042380733,2.4000000000000004,0.0029462231328011,1318.3190160856343,0.0430669277885512,0,0.9760186075639716,3.4692656351320648,5800,0.0139,0,0
100229772,9.462777042380733,2.4000000000000004,0.0029462231328011,1318.3190160856343,0.0430669277885512,0,0.9760186075639716,3.4692656351320648,5800,0.014114,0,0
100229772,9.462777042380733,2.4000000000000004,0.0029462231328011,1318.3190160856343,0.0430669277885512,0,0.9760186075639716,3.4692656351320648,5800,0.01374,0,0
100229772,9.462777042380733,2.4000000000000004,0.0029462231328011,1318.3190160856343,0.0430669277885512,0,0.9760186075639716,3.4692656351320648,5800,0.01374,0,0
100229772,9.462777042380733,2.4000000000000004,0.0029462231328011,1318.3190160856343,0.0430669277885512,0,0.9760186075639716,3.4692656351320648,5800,0.01374,0,0
114048386,12.824253113057534,2.4000000000000004,0.0054121783886622,1311.4998497438096,0.0791134565635114,0,1.1080320811270752,3.7333721027694198,5800,0.013794,0,0
114048386,12.824253113057534,2.4000000000000004,0.0054121783886622,1311.4998497438096,0.0791134565635114,0,1.1080320811270752,3.7333721027694198,5800,0.014114,0,0
114048386,12.824253113057534,2.4000000000000004,0.0054121783886622,1311.4998497438096,0.0791134565635114,0,1.1080320811270752,3.7333721027694198,5800,0.015366,0,0
114048386,12.824253113057534,2.4000000000000004,0.0054121783886622,1311.4998497438096,0.0791134565635114,0,1.1080320811270752,3.7333721027694198,5800,0.015015,0,0
114048386,12.824253113057534,2.4000000000000004,0.0054121783886622,1311.4998497438096,0.0791134565635114,0,1.1080320811270752,3.7333721027694198,5800,0.01513,0,0
114391324,10.721535900910444,2.4000000000000004,0.0021873071725452,1312.0657370919623,0.0319733420740008,0,1.030257004154358,3.3399097770814157,5800,0.01519,0,0
114391324,10.721535900910444,2.4000000000000004,0.0021873071725452,1312.0657370919623,0.0319733420740008,0,1.030257004154358,3.3399097770814157,5800,0.015366,0,0
114391324,10.721535900910444,2.4000000000000004,0.0021873071725452,1312.0657370919623,0.0319733420740008,0,1.030257004154358,3.3399097770814157,5800,0.015305,0,0
114391324,10.721535900910444,2.4000000000000004,0.0021873071725452,1312.0657370919623,0.0319733420740008,0,1.030257004154358,3.3399097770814157,5800,0.00396,0,0
114391324,10.721535900910444,2.4000000000000004,0.0021873071725452,1312.0657370919623,0.0319733420740008,0,1.030257004154358,3.3399097770814157,5800,0.01495,0,0
141024724,0.9575893001760925,0.48,0.0007999882950701,1311.394758692613,0.0161656981849427,1,-0.018820715254571498,2.903083632712375,5800,0.00396,0,1
141024724,0.9575893001760925,0.48,0.0007999882950701,1311.394758692613,0.0161656981849427,1,-0.018820715254571498,2.903083632712375,5800,0.01513,0,1
141024724,0.9575893001760925,0.48,0.0007999882950701,1311.394758692613,0.0161656981849427,1,-0.018820715254571498,2.903083632712375,5800,0.01549,0,1
141024724,0.9575893001760925,0.48,0.0007999882950701,1311.394758692613,0.0161656981849427,0,-0.018820715254571498,2.903083632712375,5800,0.00384,0,0
141024724,0.9575893001760925,0.48,0.0007999882950701,1311.394758692613,0.0161656981849427,0,-0.018820715254571498,2.903083632712375,5800,0.015015,0,0
141024724,0.9575893001760925,0.48,0.0007999882950701,1311.394758692613,0.0161656981849427,0,-0.018820715254571498,2.903083632712375,5800,0.00262,0,0
141024724,0.9575893001760925,0.48,0.0007999882950701,1311.394758692613,0.0161656981849427,0,-0.018820715254571498,2.903083632712375,5800,0.0039,0,0
141024724,0.9575893001760925,0.48,0.0007999882950701,1311.394758692613,0.0161656981849427,0,-0.018820715254571498,2.903083632712375,5800,0.015366,0,0
149176684,6.401330493824978,2.4000000000000004,0.0450821136200976,1314.5857401477767,0.7595621981143563,1,0.8062702499327432,4.654004269220271,5800,0.01525,0,1
149176684,6.401330493824978,2.4000000000000004,0.0450821136200976,1314.5857401477767,0.7595621981143563,1,0.8062702499327432,4.654004269220271,5800,0.01513,0,1
149176684,6.401330493824978,2.4000000000000004,0.0450821136200976,1314.5857401477767,0.7595621981143563,1,0.8062702499327432,4.654004269220271,5800,0.01513,0,1
149176684,6.401330493824978,2.4000000000000004,0.0450821136200976,1314.5857401477767,0.7595621981143563,0,0.8062702499327432,4.654004269220271,5800,0.01385,0,0
149176684,6.401330493824978,2.4000000000000004,0.0450821136200976,1314.5857401477767,0.7595621981143563,0,0.8062702499327432,4.654004269220271,5800,0.01369,0,0
149176684,6.401330493824978,2.4000000000000004,0.0450821136200976,1314.5857401477767,0.7595621981143563,0,0.8062702499327432,4.654004269220271,5800,0.01423,0,0
149176684,6.401330493824978,2.4000000000000004,0.0450821136200976,1314.5857401477767,0.7595621981143563,0,0.8062702499327432,4.654004269220271,5800,0.014175,0,0
149176684,6.401330493824978,2.4000000000000004,0.0450821136200976,1314.5857401477767,0.7595621981143563,0,0.8062702499327432,4.654004269220271,5800,0.01374,0,0
128917881,0.8079109459028897,0.96,0.00383276759743,1311.1993531770004,0.1185928334794988,1,-0.09263650783240991,3.5835124863000902,5800,0.01495,0,1
128917881,0.8079109459028897,0.96,0.00383276759743,1311.1993531770004,0.1185928334794988,1,-0.09263650783240991,3.5835124863000902,5800,0.0139,0,1
128917881,0.8079109459028897,0.96,0.00383276759743,1311.1993531770004,0.1185928334794988,1,-0.09263650783240991,3.5835124863000902,5800,0.013794,0,1
128917881,0.8079109459028897,0.96,0.00383276759743,1311.1993531770004,0.1185928334794988,0,-0.09263650783240991,3.5835124863000902,5800,0.013954,0,0
128917881,0.8079109459028897,0.96,0.00383276759743,1311.1993531770004,0.1185928334794988,0,-0.09263650783240991,3.5835124863000902,5800,0.01513,0,0
128917881,0.8079109459028897,0.96,0.00383276759743,1311.1993531770004,0.1185928334794988,0,-0.09263650783240991,3.5835124863000902,5800,0.01549,0,0
128917881,0.8079109459028897,0.96,0.00383276759743,1311.1993531770004,0.1185928334794988,0,-0.09263650783240991,3.5835124863000902,5800,0.015076,0,0
128917881,0.8079109459028897,0.96,0.00383276759743,1311.1993531770004,0.1185928334794988,0,-0.09263650783240991,3.5835124863000902,5800,0.01543,0,0
100265076,1.3104759399121284,1.44,0.0012218776448184,1311.857120257324,0.036221095291466,0,0.11742905179210536,3.0870277191302162,5800,0.00393,0,0
100265076,1.3104759399121284,1.44,0.0012218776448184,1311.857120257324,0.036221095291466,0,0.11742905179210536,3.0870277191302162,5800,0.002653,0,0
100265076,1.3104759399121284,1.44,0.0012218776448184,1311.857120257324,0.036221095291466,0,0.11742905179210536,3.0870277191302162,5800,0.0149,0,0
100265076,1.3104759399121284,1.44,0.0012218776448184,1311.857120257324,0.036221095291466,0,0.11742905179210536,3.0870277191302162,5800,0.0149,0,0
100265076,1.3104759399121284,1.44,0.0012218776448184,1311.857120257324,0.036221095291466,0,0.11742905179210536,3.0870277191302162,5800,0.01519,0,0
1479793,0.91483159085278,1.92,0.0200928428642277,1311.0118684350357,0.8102961876383538,0,-0.03865884680233092,4.303041387863249,5800,0.01519,0,0
1479793,0.91483159085278,1.92,0.0200928428642277,1311.0118684350357,0.8102961876383538,0,-0.03865884680233092,4.303041387863249,5800,0.0139,0,0
1479793,0.91483159085278,1.92,0.0200928428642277,1311.0118684350357,0.8102961876383538,0,-0.03865884680233092,4.303041387863249,5800,0.015305,0,0
1479793,0.91483159085278,1.92,0.0200928428642277,1311.0118684350357,0.8102961876383538,0,-0.03865884680233092,4.303041387863249,5800,0.014114,0,0
1479793,0.91483159085278,1.92,0.0200928428642277,1311.0118684350357,0.8102961876383538,0,-0.03865884680233092,4.303041387863249,5800,0.00326,0,0
166315714,21.715813462719726,2.4000000000000004,0.0086853627561501,1311.5272903062073,0.1038499491585058,0,1.336776102441211,3.938787962069729,5800,0.00396,0,0
166315714,21.715813462719726,2.4000000000000004,0.0086853627561501,1311.5272903062073,0.1038499491585058,0,1.336776102441211,3.938787962069729,5800,0.0149,0,0
166315714,21.715813462719726,2.4000000000000004,0.0086853627561501,1311.5272903062073,0.1038499491585058,0,1.336776102441211,3.938787962069729,5800,0.015366,0,0
166315714,21.715813462719726,2.4000000000000004,0.0086853627561501,1311.5272903062073,0.1038499491585058,0,1.336776102441211,3.938787962069729,5800,0.01495,0,0
166315714,21.715813462719726,2.4000000000000004,0.0086853627561501,1311.5272903062073,0.1038499491585058,0,1.336776102441211,3.938787962069729,5800,0.01549,0,0
149125418,14.318155988557256,0.48,0.0094326963166197,1313.726028092817,0.0498783234227192,1,1.15588708951083,3.9746358526578107,5800,0.003944,0,1
149125418,14.318155988557256,0.48,0.0094326963166197,1313.726028092817,0.0498783234227192,1,1.15588708951083,3.9746358526578107,5800,0.01519,0,1
149125418,14.318155988557256,0.48,0.0094326963166197,1313.726028092817,0.0498783234227192,1,1.15588708951083,3.9746358526578107,5800,0.0139,0,1
149125418,14.318155988557256,0.48,0.0094326963166197,1313.726028092817,0.0498783234227192,0,1.15588708951083,3.9746358526578107,5800,0.003944,0,0
149125418,14.318155988557256,0.48,0.0094326963166197,1313.726028092817,0.0498783234227192,0,1.15588708951083,3.9746358526578107,5800,0.01513,0,0
149125418,14.318155988557256,0.48,0.0094326963166197,1313.726028092817,0.0498783234227192,0,1.15588708951083,3.9746358526578107,5800,0.00399,0,0
149125418,14.318155988557256,0.48,0.0094326963166197,1313.726028092817,0.0498783234227192,0,1.15588708951083,3.9746358526578107,5800,0.015076,0,0
149125418,14.318155988557256,0.48,0.0094326963166197,1313.726028092817,0.0498783234227192,0,1.15588708951083,3.9746358526578107,5800,0.015076,0,0
150438041,10.323137012582425,1.44,0.0057568809382371,1314.34388690912,0.0620884994906151,1,1.0138116914996178,3.760187247624088,5800,0.00396,0,1
150438041,10.323137012582425,1.44,0.0057568809382371,1314.34388690912,0.0620884994906151,1,1.0138116914996178,3.760187247624088,5800,0.0149,0,1
150438041,10.323137012582425,1.44,0.0057568809382371,1314.34388690912,0.0620884994906151,1,1.0138116914996178,3.760187247624088,5800,0.002855,0,1
150438041,10.323137012582425,1.44,0.0057568809382371,1314.34388690912,0.0620884994906151,0,1.0138116914996178,3.760187247624088,5800,0.015305,0,0
150438041,10.323137012582425,1.44,0.0057568809382371,1314.34388690912,0.0620884994906151,0,1.0138116914996178,3.760187247624088,5800,0.01525,0,0
150438041,10.323137012582425,1.44,0.0057568809382371,1314.34388690912,0.0620884994906151,0,1.0138116914996178,3.760187247624088,5800,0.0149,0,0
150438041,10.323137012582425,1.44,0.0057568809382371,1314.34388690912,0.0620884994906151,0,1.0138116914996178,3.760187247624088,5800,0.0149,0,0
150438041,10.323137012582425,1.44,0.0057568809382371,1314.34388690912,0.0620884994906151,0,1.0138116914996178,3.760187247624088,5800,0.015305,0,0
149126810,3.4572485563204878,2.4000000000000004,0.0363521929625316,1312.3898515462092,0.8598476867679871,0,0.5387306039444795,4.56053061499696,5800,0.01519,0,0
149126810,3.4572485563204878,2.4000000000000004,0.0363521929625316,1312.3898515462092,0.8598476867679871,0,0.5387306039444795,4.56053061499696,5800,0.01519,0,0
149126810,3.4572485563204878,2.4000000000000004,0.0363521929625316,1312.3898515462092,0.8598476867679871,0,0.5387306039444795,4.56053061499696,5800,0.015015,0,0
149126810,3.4572485563204878,2.4000000000000004,0.0363521929625316,1312.3898515462092,0.8598476867679871,0,0.5387306039444795,4.56053061499696,5800,0.01374,0,0
149126810,3.4572485563204878,2.4000000000000004,0.0363521929625316,1312.3898515462092,0.8598476867679871,0,0.5387306039444795,4.56053061499696,5800,0.01513,0,0
166550568,7.805681735120625,2.4000000000000004,0.0431307414478963,1314.6311238974895,0.7266846682596861,0,0.8924108396048855,4.634786924038885,5800,0.01495,0,0
166550568,7.805681735120625,2.4000000000000004,0.0431307414478963,1314.6311238974895,0.7266846682596861,0,0.8924108396048855,4.634786924038885,5800,0.015076,0,0
166550568,7.805681735120625,2.4000000000000004,0.0431307414478963,1314.6311238974895,0.7266846682596861,0,0.8924108396048855,4.634786924038885,5800,0.01549,0,0
166550568,7.805681735120625,2.4000000000000004,0.0431307414478963,1314.6311238974895,0.7266846682596861,0,0.8924108396048855,4.634786924038885,5800,0.01385,0,0
166550568,7.805681735120625,2.4000000000000004,0.0431307414478963,1314.6311238974895,0.7266846682596861,0,0.8924108396048855,4.634786924038885,5800,0.015076,0,0
167527244,0.6367351272339893,1.92,0.0137281573492895,1310.8113877220828,0.64071032395726,0,-0.19604119043288998,4.137612248326348,5800,0.015015,0,0
167527244,0.6367351272339893,1.92,0.0137281573492895,1310.8113877220828,0.64071032395726,0,-0.19604119043288998,4.137612248326348,5800,0.0149,0,0
167527244,0.6367351272339893,1.92,0.0137281573492895,1310.8113877220828,0.64071032395726,0,-0.19604119043288998,4.137612248326348,5800,0.013794,0,0
167527244,0.6367351272339893,1.92,0.0137281573492895,1310.8113877220828,0.64071032395726,0,-0.19604119043288998,4.137612248326348,5800,0.00399,0,0
167527244,0.6367351272339893,1.92,0.0137281573492895,1310.8113877220828,0.64071032395726,0,-0.19604119043288998,4.137612248326348,5800,0.0039,0,0
167691903,0.4072341584074331,0.48,0.0066112945961095,1310.9036145082391,0.203117598748647,0,-0.39015580094222907,3.820286509545505,5800,0.003885,0,0
167691903,0.4072341584074331,0.48,0.0066112945961095,1310.9036145082391,0.203117598748647,0,-0.39015580094222907,3.820286509545505,5800,0.015366,0,0
167691903,0.4072341584074331,0.48,0.0066112945961095,1310.9036145082391,0.203117598748647,0,-0.39015580094222907,3.820286509545505,5800,0.015076,0,0
167691903,0.4072341584074331,0.48,0.0066112945961095,1310.9036145082391,0.203117598748647,0,-0.39015580094222907,3.820286509545505,5800,0.015366,0,0
167691903,0.4072341584074331,0.48,0.0066112945961095,1310.9036145082391,0.203117598748647,0,-0.39015580094222907,3.820286509545505,5800,0.0149,0,0
177282821,7.78156490592638,1.44,0.006710293862205,1317.2905681093991,0.0762610430516262,1,0.8910669442474903,3.8267415395340523,5800,0.00358,0,1
177282821,7.78156490592638,1.44,0.006710293862205,1317.2905681093991,0.0762610430516262,1,0.8910669442474903,3.8267415395340523,5800,0.003975,0,1
177282821,7.78156490592638,1.44,0.006710293862205,1317.2905681093991,0.0762610430516262,1,0.8910669442474903,3.8267415395340523,5800,0.00393,0,1
177282821,7.78156490592638,1.44,0.006710293862205,1317.2905681093991,0.0762610430516262,0,0.8910669442474903,3.8267415395340523,5800,0.01525,0,0
177282821,7.78156490592638,1.44,0.006710293862205,1317.2905681093991,0.0762610430516262,0,0.8910669442474903,3.8267415395340523,5800,0.01519,0,0
177282821,7.78156490592638,1.44,0.006710293862205,1317.2905681093991,0.0762610430516262,0,0.8910669442474903,3.8267415395340523,5800,0.015076,0,0
177282821,7.78156490592638,1.44,0.006710293862205,1317.2905681093991,0.0762610430516262,0,0.8910669442474903,3.8267415395340523,5800,0.003885,0,0
177282821,7.78156490592638,1.44,0.006710293862205,1317.2905681093991,0.0762610430516262,0,0.8910669442474903,3.8267415395340523,5800,0.015076,0,0
181576949,15.409732804075343,1.92,0.0033378677096724,1314.855428691381,0.0356919915193807,0,1.1877951083665887,3.5234691202108754,5800,0.01525,0,0
181576949,15.409732804075343,1.92,0.0033378677096724,1314.855428691381,0.0356919915193807,0,1.1877951083665887,3.5234691202108754,5800,0.01543,0,0
181576949,15.409732804075343,1.92,0.0033378677096724,1314.855428691381,0.0356919915193807,0,1.1877951083665887,3.5234691202108754,5800,0.01385,0,0
181576949,15.409732804075343,1.92,0.0033378677096724,1314.855428691381,0.0356919915193807,0,1.1877951083665887,3.5234691202108754,5800,0.0139,0,0
181576949,15.409732804075343,1.92,0.0033378677096724,1314.855428691381,0.0356919915193807,0,1.1877951083665887,3.5234691202108754,5800,0.01525,0,0
167754523,0.4807886734561567,2.4000000000000004,0.0036924817851919,1310.7513796354672,0.2133071816264176,1,-0.3180457721064648,3.56731836163865,5800,0.00321,0,1
167754523,0.4807886734561567,2.4000000000000004,0.0036924817851919,1310.7513796354672,0.2133071816264176,1,-0.3180457721064648,3.56731836163865,5800,0.002693,0,1
167754523,0.4807886734561567,2.4000000000000004,0.0036924817851919,1310.7513796354672,0.2133071816264176,1,-0.3180457721064648,3.56731836163865,5800,0.003809,0,1
167754523,0.4807886734561567,2.4000000000000004,0.0036924817851919,1310.7513796354672,0.2133071816264176,0,-0.3180457721064648,3.56731836163865,5800,0.014114,0,0
167754523,0.4807886734561567,2.4000000000000004,0.0036924817851919,1310.7513796354672,0.2133071816264176,0,-0.3180457721064648,3.56731836163865,5800,0.003944,0,0
167754523,0.4807886734561567,2.4000000000000004,0.0036924817851919,1310.7513796354672,0.2133071816264176,0,-0.3180457721064648,3.56731836163865,5800,0.01401,0,0
167754523,0.4807886734561567,2.4000000000000004,0.0036924817851919,1310.7513796354672,0.2133071816264176,0,-0.3180457721064648,3.56731836163865,5800,0.0139,0,0
167754523,0.4807886734561567,2.4000000000000004,0.0036924817851919,1310.7513796354672,0.2133071816264176,0,-0.3180457721064648,3.56731836163865,5800,0.01401,0,0
183306127,2.952044704312831,1.44,0.0009342437524619,1312.7382602704567,0.0172030824931083,0,0.47012292994279753,2.9704602022879105,5800,0.013954,0,0
183306127,2.952044704312831,1.44,0.0009342437524619,1312.7382602704567,0.0172030824931083,0,0.47012292994279753,2.9704602022879105,5800,0.01525,0,0
183306127,2.952044704312831,1.44,0.0009342437524619,1312.7382602704567,0.0172030824931083,0,0.47012292994279753,2.9704602022879105,5800,0.003944,0,0
183306127,2.952044704312831,1.44,0.0009342437524619,1312.7382602704567,0.0172030824931083,0,0.47012292994279753,2.9704602022879105,5800,0.01543,0,0
183306127,2.952044704312831,1.44,0.0009342437524619,1312.7382602704567,0.0172030824931083,0,0.47012292994279753,2.9704602022879105,5800,0.01495,0,0
1851563,4.27768348964428,2.4000000000000004,0.0031862280527112,1313.5698830311887,0.0655082221479912,0,0.6312086475131654,3.5032768569922723,5800,0.013954,0,0
1851563,4.27768348964428,2.4000000000000004,0.0031862280527112,1313.5698830311887,0.0655082221479912,0,0.6312086475131654,3.5032768569922723,5800,0.015366,0,0
1851563,4.27768348964428,2.4000000000000004,0.0031862280527112,1313.5698830311887,0.0655082221479912,0,0.6312086475131654,3.5032768569922723,5800,0.013794,0,0
1851563,4.27768348964428,2.4000000000000004,0.0031862280527112,1313.5698830311887,0.0655082221479912,0,0.6312086475131654,3.5032768569922723,5800,0.013954,0,0
1851563,4.27768348964428,2.4000000000000004,0.0031862280527112,1313.5698830311887,0.0655082221479912,0,0.6312086475131654,3.5032768569922723,5800,0.013954,0,0
220370211,7.501496790674122,1.44,0.0266446867902945,1314.7188317899356,0.3479418844473584,0,0.875147927801467,4.425610619452282,5800,0.015076,0,0
220370211,7.501496790674122,1.44,0.0266446867902945,1314.7188317899356,0.3479418844473584,0,0.875147927801467,4.425610619452282,5800,0.003914,0,0
220370211,7.501496790674122,1.44,0.0266446867902945,1314.7188317899356,0.3479418844473584,0,0.875147927801467,4.425610619452282,5800,0.015076,0,0
220370211,7.501496790674122,1.44,0.0266446867902945,1314.7188317899356,0.3479418844473584,0,0.875147927801467,4.425610619452282,5800,0.015076,0,0
220370211,7.501496790674122,1.44,0.0266446867902945,1314.7188317899356,0.3479418844473584,0,0.875147927801467,4.425610619452282,5800,0.003914,0,0
211254719,0.6121717485666107,2.4000000000000004,0.0184680489416298,1310.709789884448,0.9712316424547638,0,-0.2131267167588359,4.266421016791579,5800,0.015305,0,0
211254719,0.6121717485666107,2.4000000000000004,0.0184680489416298,1310.709789884448,0.9712316424547638,0,-0.2131267167588359,4.266421016791579,5800,0.01513,0,0
211254719,0.6121717485666107,2.4000000000000004,0.0184680489416298,1310.709789884448,0.9712316424547638,0,-0.2131267167588359,4.266421016791579,5800,0.002705,0,0
211254719,0.6121717485666107,2.4000000000000004,0.0184680489416298,1310.709789884448,0.9712316424547638,0,-0.2131267167588359,4.266421016791579,5800,0.003885,0,0
211254719,0.6121717485666107,2.4000000000000004,0.0184680489416298,1310.709789884448,0.9712316424547638,0,-0.2131267167588359,4.266421016791579,5800,0.002693,0,0
2018191215100,4.89538389171109,1.92,0.0016150045884632,1313.6478349612955,0.0297808663812253,0,0.6897867544669412,3.2081737605627363,5800,0.013954,0,0
2018191215100,4.89538389171109,1.92,0.0016150045884632,1313.6478349612955,0.0297808663812253,0,0.6897867544669412,3.2081737605627363,5800,0.013954,0,0
2018191215100,4.89538389171109,1.92,0.0016150045884632,1313.6478349612955,0.0297808663812253,0,0.6897867544669412,3.2081737605627363,5800,0.01406,0,0
2018191215100,4.89538389171109,1.92,0.0016150045884632,1313.6478349612955,0.0297808663812253,0,0.6897867544669412,3.2081737605627363,5800,0.01519,0,0
2018191215100,4.89538389171109,1.92,0.0016150045884632,1313.6478349612955,0.0297808663812253,0,0.6897867544669412,3.2081737605627363,5800,0.015076,0,0
220408525,12.024732738521784,0.48,0.0114344272371007,1316.0217865051436,0.061531791925225,1,1.0800754325323483,4.058214415204549,5800,0.01543,0,1
220408525,12.024732738521784,0.48,0.0114344272371007,1316.0217865051436,0.061531791925225,1,1.0800754325323483,4.058214415204549,5800,0.0139,0,1
220408525,12.024732738521784,0.48,0.0114344272371007,1316.0217865051436,0.061531791925225,1,1.0800754325323483,4.058214415204549,5800,0.0139,0,1
220408525,12.024732738521784,0.48,0.0114344272371007,1316.0217865051436,0.061531791925225,0,1.0800754325323483,4.058214415204549,5800,0.01525,0,0
220408525,12.024732738521784,0.48,0.0114344272371007,1316.0217865051436,0.061531791925225,0,1.0800754325323483,4.058214415204549,5800,0.01374,0,0
220408525,12.024732738521784,0.48,0.0114344272371007,1316.0217865051436,0.061531791925225,0,1.0800754325323483,4.058214415204549,5800,0.00393,0,0
220408525,12.024732738521784,0.48,0.0114344272371007,1316.0217865051436,0.061531791925225,0,1.0800754325323483,4.058214415204549,5800,0.0039,0,0
220408525,12.024732738521784,0.48,0.0114344272371007,1316.0217865051436,0.061531791925225,0,1.0800754325323483,4.058214415204549,5800,0.015015,0,0
230953115,10.033648742725822,2.4000000000000004,0.0056991436831528,1312.744954911759,0.0833082215417829,0,1.0014588932069721,3.7558096062655997,5800,0.013954,0,0
230953115,10.033648742725822,2.4000000000000004,0.0056991436831528,1312.744954911759,0.0833082215417829,0,1.0014588932069721,3.7558096062655997,5800,0.01374,0,0
230953115,10.033648742725822,2.4000000000000004,0.0056991436831528,1312.744954911759,0.0833082215417829,0,1.0014588932069721,3.7558096062655997,5800,0.01513,0,0
230953115,10.033648742725822,2.4000000000000004,0.0056991436831528,1312.744954911759,0.0833082215417829,0,1.0014588932069721,3.7558096062655997,5800,0.0149,0,0
230953115,10.033648742725822,2.4000000000000004,0.0056991436831528,1312.744954911759,0.0833082215417829,0,1.0014588932069721,3.7558096062655997,5800,0.014114,0,0
220431435,24.377617108176413,2.4000000000000004,0.001356657101735,1311.995624635081,0.0162214031809955,1,1.3869912514321794,3.1324700925804816,5800,0.01401,0,1
220431435,24.377617108176413,2.4000000000000004,0.001356657101735,1311.995624635081,0.0162214031809955,1,1.3869912514321794,3.1324700925804816,5800,0.01401,0,1
220431435,24.377617108176413,2.4000000000000004,0.001356657101735,1311.995624635081,0.0162214031809955,1,1.3869912514321794,3.1324700925804816,5800,0.00297,0,1
220431435,24.377617108176413,2.4000000000000004,0.001356657101735,1311.995624635081,0.0162214031809955,0,1.3869912514321794,3.1324700925804816,5800,0.015076,0,0
220431435,24.377617108176413,2.4000000000000004,0.001356657101735,1311.995624635081,0.0162214031809955,0,1.3869912514321794,3.1324700925804816,5800,0.01525,0,0
220431435,24.377617108176413,2.4000000000000004,0.001356657101735,1311.995624635081,0.0162214031809955,0,1.3869912514321794,3.1324700925804816,5800,0.01549,0,0
220431435,24.377617108176413,2.4000000000000004,0.001356657101735,1311.995624635081,0.0162214031809955,0,1.3869912514321794,3.1324700925804816,5800,0.015076,0,0
220431435,24.377617108176413,2.4000000000000004,0.001356657101735,1311.995624635081,0.0162214031809955,0,1.3869912514321794,3.1324700925804816,5800,0.01513,0,0
220476607,1.829910009724733,1.92,0.0377147835316279,1310.7574356882694,1.1174315053876993,1,0.2624297327681668,4.576511619375593,5800,0.01374,0,1
220476607,1.829910009724733,1.92,0.0377147835316279,1310.7574356882694,1.1174315053876993,1,0.2624297327681668,4.576511619375593,5800,0.01374,0,1
220476607,1.829910009724733,1.92,0.0377147835316279,1310.7574356882694,1.1174315053876993,1,0.2624297327681668,4.576511619375593,5800,0.01374,0,1
220476607,1.829910009724733,1.92,0.0377147835316279,1310.7574356882694,1.1174315053876993,0,0.2624297327681668,4.576511619375593,5800,0.013794,0,0
220476607,1.829910009724733,1.92,0.0377147835316279,1310.7574356882694,1.1174315053876993,0,0.2624297327681668,4.576511619375593,5800,0.015015,0,0
220476607,1.829910009724733,1.92,0.0377147835316279,1310.7574356882694,1.1174315053876993,0,0.2624297327681668,4.576511619375593,5800,0.01495,0,0
220476607,1.829910009724733,1.92,0.0377147835316279,1310.7574356882694,1.1174315053876993,0,0.2624297327681668,4.576511619375593,5800,0.01513,0,0
220476607,1.829910009724733,1.92,0.0377147835316279,1310.7574356882694,1.1174315053876993,0,0.2624297327681668,4.576511619375593,5800,0.01513,0,0
238192896,1.1158366407420346,1.92,0.0004843831132694,1311.4572665226149,0.0177096714636437,1,0.0476006182419521,2.68518899421141,5800,0.015015,0,1
238192896,1.1158366407420346,1.92,0.0004843831132694,1311.4572665226149,0.0177096714636437,1,0.0476006182419521,2.68518899421141,5800,0.01525,0,1
238192896,1.1158366407420346,1.92,0.0004843831132694,1311.4572665226149,0.0177096714636437,1,0.0476006182419521,2.68518899421141,5800,0.015366,0,1
238192896,1.1158366407420346,1.92,0.0004843831132694,1311.4572665226149,0.0177096714636437,0,0.0476006182419521,2.68518899421141,5800,0.002726,0,0
238192896,1.1158366407420346,1.92,0.0004843831132694,1311.4572665226149,0.0177096714636437,0,0.0476006182419521,2.68518899421141,5800,0.015076,0,0
238192896,1.1158366407420346,1.92,0.0004843831132694,1311.4572665226149,0.0177096714636437,0,0.0476006182419521,2.68518899421141,5800,0.015305,0,0
238192896,1.1158366407420346,1.92,0.0004843831132694,1311.4572665226149,0.0177096714636437,0,0.0476006182419521,2.68518899421141,5800,0.01495,0,0
238192896,1.1158366407420346,1.92,0.0004843831132694,1311.4572665226149,0.0177096714636437,0,0.0476006182419521,2.68518899421141,5800,0.00279,0,0
230954760,0.8112728243311459,2.4000000000000004,0.0218202208406862,1310.851052987942,1.0157328291151713,0,-0.09083307158864094,4.33885914173381,5800,0.002672,0,0
230954760,0.8112728243311459,2.4000000000000004,0.0218202208406862,1310.851052987942,1.0157328291151713,0,-0.09083307158864094,4.33885914173381,5800,0.01374,0,0
230954760,0.8112728243311459,2.4000000000000004,0.0218202208406862,1310.851052987942,1.0157328291151713,0,-0.09083307158864094,4.33885914173381,5800,0.01385,0,0
230954760,0.8112728243311459,2.4000000000000004,0.0218202208406862,1310.851052987942,1.0157328291151713,0,-0.09083307158864094,4.33885914173381,5800,0.01428,0,0
230954760,0.8112728243311459,2.4000000000000004,0.0218202208406862,1310.851052987942,1.0157328291151713,0,-0.09083307158864094,4.33885914173381,5800,0.01374,0,0
25116423,6.271517573260488,2.4000000000000004,0.0714062697317331,1311.4606569506857,1.342638202428824,0,0.7973726435333648,4.853736346094808,5800,0.01513,0,0
25116423,6.271517573260488,2.4000000000000004,0.0714062697317331,1311.4606569506857,1.342638202428824,0,0.7973726435333648,4.853736346094808,5800,0.015076,0,0
25116423,6.271517573260488,2.4000000000000004,0.0714062697317331,1311.4606569506857,1.342638202428824,0,0.7973726435333648,4.853736346094808,5800,0.01513,0,0
25116423,6.271517573260488,2.4000000000000004,0.0714062697317331,1311.4606569506857,1.342638202428824,0,0.7973726435333648,4.853736346094808,5800,0.003824,0,0
25116423,6.271517573260488,2.4000000000000004,0.0714062697317331,1311.4606569506857,1.342638202428824,0,0.7973726435333648,4.853736346094808,5800,0.003914,0,0
231725008,10.8132971851309,0.48,0.0013784741943054,1310.7630469164503,0.00902957562663,1,1.0339581390015378,3.139398640317985,5800,0.015366,0,1
231725008,10.8132971851309,0.48,0.0013784741943054,1310.7630469164503,0.00902957562663,1,1.0339581390015378,3.139398640317985,5800,0.01549,0,1
231725008,10.8132971851309,0.48,0.0013784741943054,1310.7630469164503,0.00902957562663,1,1.0339581390015378,3.139398640317985,5800,0.01543,0,1
231725008,10.8132971851309,0.48,0.0013784741943054,1310.7630469164503,0.00902957562663,0,1.0339581390015378,3.139398640317985,5800,0.00393,0,0
231725008,10.8132971851309,0.48,0.0013784741943054,1310.7630469164503,0.00902957562663,0,1.0339581390015378,3.139398640317985,5800,0.0139,0,0
231725008,10.8132971851309,0.48,0.0013784741943054,1310.7630469164503,0.00902957562663,0,1.0339581390015378,3.139398640317985,5800,0.015015,0,0
231725008,10.8132971851309,0.48,0.0013784741943054,1310.7630469164503,0.00902957562663,0,1.0339581390015378,3.139398640317985,5800,0.01543,0,0
231725008,10.8132971851309,0.48,0.0013784741943054,1310.7630469164503,0.00902957562663,0,1.0339581390015378,3.139398640317985,5800,0.01519,0,0
238817606,4.377148258469148,1.44,0.0357754725056423,1311.2879482280962,0.572026364423773,0,0.6411912568586232,4.553585378427285,5800,0.003975,0,0
238817606,4.377148258469148,1.44,0.0357754725056423,1311.2879482280962,0.572026364423773,0,0.6411912568586232,4.553585378427285,5800,0.015015,0,0
238817606,4.377148258469148,1.44,0.0357754725056423,1311.2879482280962,0.572026364423773,0,0.6411912568586232,4.553585378427285,5800,0.00396,0,0
238817606,4.377148258469148,1.44,0.0357754725056423,1311.2879482280962,0.572026364423773,0,0.6411912568586232,4.553585378427285,5800,0.0039,0,0
238817606,4.377148258469148,1.44,0.0357754725056423,1311.2879482280962,0.572026364423773,0,0.6411912568586232,4.553585378427285,5800,0.00396,0,0
260267665,1.43249987426917,2.4000000000000004,0.0009637866925231,1311.6510839727275,0.0335458506888116,1,0.15609459252130675,2.9839809254890692,5800,0.00259,0,1
260267665,1.43249987426917,2.4000000000000004,0.0009637866925231,1311.6510839727275,0.0335458506888116,1,0.15609459252130675,2.9839809254890692,5800,0.015076,0,1
260267665,1.43249987426917,2.4000000000000004,0.0009637866925231,1311.6510839727275,0.0335458506888116,1,0.15609459252130675,2.9839809254890692,5800,0.01519,0,1
260267665,1.43249987426917,2.4000000000000004,0.0009637866925231,1311.6510839727275,0.0335458506888116,0,0.15609459252130675,2.9839809254890692,5800,0.015015,0,0
260267665,1.43249987426917,2.4000000000000004,0.0009637866925231,1311.6510839727275,0.0335458506888116,0,0.15609459252130675,2.9839809254890692,5800,0.01519,0,0
260267665,1.43249987426917,2.4000000000000004,0.0009637866925231,1311.6510839727275,0.0335458506888116,0,0.15609459252130675,2.9839809254890692,5800,0.01495,0,0
260267665,1.43249987426917,2.4000000000000004,0.0009637866925231,1311.6510839727275,0.0335458506888116,0,0.15609459252130675,2.9839809254890692,5800,0.01513,0,0
260267665,1.43249987426917,2.4000000000000004,0.0009637866925231,1311.6510839727275,0.0335458506888116,0,0.15609459252130675,2.9839809254890692,5800,0.003885,0,0
257719469,23.35958356414963,2.4000000000000004,0.0022576482363534,1315.493468393059,0.0191224031477877,1,1.3684650962569738,3.3536562755378037,5800,0.015015,0,1
257719469,23.35958356414963,2.4000000000000004,0.0022576482363534,1315.493468393059,0.0191224031477877,1,1.3684650962569738,3.3536562755378037,5800,0.0139,0,1
257719469,23.35958356414963,2.4000000000000004,0.0022576482363534,1315.493468393059,0.0191224031477877,1,1.3684650962569738,3.3536562755378037,5800,0.0139,0,1
257719469,23.35958356414963,2.4000000000000004,0.0022576482363534,1315.493468393059,0.0191224031477877,0,1.3684650962569738,3.3536562755378037,5800,0.003496,0,0
257719469,23.35958356414963,2.4000000000000004,0.0022576482363534,1315.493468393059,0.0191224031477877,0,1.3684650962569738,3.3536562755378037,5800,0.00378,0,0
257719469,23.35958356414963,2.4000000000000004,0.0022576482363534,1315.493468393059,0.0191224031477877,0,1.3684650962569738,3.3536562755378037,5800,0.0039,0,0
257719469,23.35958356414963,2.4000000000000004,0.0022576482363534,1315.493468393059,0.0191224031477877,0,1.3684650962569738,3.3536562755378037,5800,0.015076,0,0
257719469,23.35958356414963,2.4000000000000004,0.0022576482363534,1315.493468393059,0.0191224031477877,0,1.3684650962569738,3.3536562755378037,5800,0.003721,0,0
260244471,0.4925061033551851,0.48,0.006256138647374,1310.7012331787537,0.1740113220794832,0,-0.30758838316219916,3.796306364911483,5800,0.01495,0,0
260244471,0.4925061033551851,0.48,0.006256138647374,1310.7012331787537,0.1740113220794832,0,-0.30758838316219916,3.796306364911483,5800,0.01495,0,0
260244471,0.4925061033551851,0.48,0.006256138647374,1310.7012331787537,0.1740113220794832,0,-0.30758838316219916,3.796306364911483,5800,0.01495,0,0
260244471,0.4925061033551851,0.48,0.006256138647374,1310.7012331787537,0.1740113220794832,0,-0.30758838316219916,3.796306364911483,5800,0.015015,0,0
260244471,0.4925061033551851,0.48,0.006256138647374,1310.7012331787537,0.1740113220794832,0,-0.30758838316219916,3.796306364911483,5800,0.003185,0,0
260268711,0.9810589212158504,2.4000000000000004,0.0663063834090528,1311.3008862330382,2.8311893055042026,0,-0.008304908633845124,4.8215553405597875,5800,0.01428,0,0
260268711,0.9810589212158504,2.4000000000000004,0.0663063834090528,1311.3008862330382,2.8311893055042026,0,-0.008304908633845124,4.8215553405597875,5800,0.0149,0,0
260268711,0.9810589212158504,2.4000000000000004,0.0663063834090528,1311.3008862330382,2.8311893055042026,0,-0.008304908633845124,4.8215553405597875,5800,0.01519,0,0
260268711,0.9810589212158504,2.4000000000000004,0.0663063834090528,1311.3008862330382,2.8311893055042026,0,-0.008304908633845124,4.8215553405597875,5800,0.003855,0,0
260268711,0.9810589212158504,2.4000000000000004,0.0663063834090528,1311.3008862330382,2.8311893055042026,0,-0.008304908633845124,4.8215553405597875,5800,0.01495,0,0
261337380,23.78555056935868,2.4000000000000004,0.0008603173921119,1315.0676933665584,0.0072869350247365,1,1.3763132085819454,2.934658702654143,5800,0.01473,0,1
261337380,23.78555056935868,2.4000000000000004,0.0008603173921119,1315.0676933665584,0.0072869350247365,1,1.3763132085819454,2.934658702654143,5800,0.015305,0,1
261337380,23.78555056935868,2.4000000000000004,0.0008603173921119,1315.0676933665584,0.0072869350247365,1,1.3763132085819454,2.934658702654143,5800,0.01525,0,1
261337380,23.78555056935868,2.4000000000000004,0.0008603173921119,1315.0676933665584,0.0072869350247365,0,1.3763132085819454,2.934658702654143,5800,0.00399,0,0
261337380,23.78555056935868,2.4000000000000004,0.0008603173921119,1315.0676933665584,0.0072869350247365,0,1.3763132085819454,2.934658702654143,5800,0.003944,0,0
261337380,23.78555056935868,2.4000000000000004,0.0008603173921119,1315.0676933665584,0.0072869350247365,0,1.3763132085819454,2.934658702654143,5800,0.00393,0,0
261337380,23.78555056935868,2.4000000000000004,0.0008603173921119,1315.0676933665584,0.0072869350247365,0,1.3763132085819454,2.934658702654143,5800,0.0139,0,0
261337380,23.78555056935868,2.4000000000000004,0.0008603173921119,1315.0676933665584,0.0072869350247365,0,1.3763132085819454,2.934658702654143,5800,0.003914,0,0
266903576,0.7422059073140214,1.44,0.0005362051396541,1310.98864047088,0.0208205231106213,0,-0.1294755933668198,2.729330972482961,5800,0.0149,0,0
266903576,0.7422059073140214,1.44,0.0005362051396541,1310.98864047088,0.0208205231106213,0,-0.1294755933668198,2.729330972482961,5800,0.002878,0,0
266903576,0.7422059073140214,1.44,0.0005362051396541,1310.98864047088,0.0208205231106213,0,-0.1294755933668198,2.729330972482961,5800,0.015015,0,0
266903576,0.7422059073140214,1.44,0.0005362051396541,1310.98864047088,0.0208205231106213,0,-0.1294755933668198,2.729330972482961,5800,0.004025,0,0
266903576,0.7422059073140214,1.44,0.0005362051396541,1310.98864047088,0.0208205231106213,0,-0.1294755933668198,2.729330972482961,5800,0.00393,0,0
265336423,10.8590628838725,2.4000000000000004,0.005680938122422,1313.453946222493,0.0830420985992894,0,1.0357923480959632,3.754420058906368,5800,0.0149,0,0
265336423,10.8590628838725,2.4000000000000004,0.005680938122422,1313.453946222493,0.0830420985992894,0,1.0357923480959632,3.754420058906368,5800,0.003496,0,0
265336423,10.8590628838725,2.4000000000000004,0.005680938122422,1313.453946222493,0.0830420985992894,0,1.0357923480959632,3.754420058906368,5800,0.003363,0,0
265336423,10.8590628838725,2.4000000000000004,0.005680938122422,1313.453946222493,0.0830420985992894,0,1.0357923480959632,3.754420058906368,5800,0.01519,0,0
265336423,10.8590628838725,2.4000000000000004,0.005680938122422,1313.453946222493,0.0830420985992894,0,1.0357923480959632,3.754420058906368,5800,0.01543,0,0
267044642,16.108266589365908,0.96,0.0014527154957469,1315.7966048559406,0.0110475610144207,1,1.2070488085025957,3.1621805690637066,5800,0.00393,0,1
267044642,16.108266589365908,0.96,0.0014527154957469,1315.7966048559406,0.0110475610144207,1,1.2070488085025957,3.1621805690637066,5800,0.015015,0,1
267044642,16.108266589365908,0.96,0.0014527154957469,1315.7966048559406,0.0110475610144207,1,1.2070488085025957,3.1621805690637066,5800,0.002913,0,1
267044642,16.108266589365908,0.96,0.0014527154957469,1315.7966048559406,0.0110475610144207,0,1.2070488085025957,3.1621805690637066,5800,0.003914,0,0
267044642,16.108266589365908,0.96,0.0014527154957469,1315.7966048559406,0.0110475610144207,0,1.2070488085025957,3.1621805690637066,5800,0.015076,0,0
267044642,16.108266589365908,0.96,0.0014527154957469,1315.7966048559406,0.0110475610144207,0,1.2070488085025957,3.1621805690637066,5800,0.015366,0,0
267044642,16.108266589365908,0.96,0.0014527154957469,1315.7966048559406,0.0110475610144207,0,1.2070488085025957,3.1621805690637066,5800,0.01495,0,0
267044642,16.108266589365908,0.96,0.0014527154957469,1315.7966048559406,0.0110475610144207,0,1.2070488085025957,3.1621805690637066,5800,0.01495,0,0
270554477,1.8181860757527348,2.4000000000000004,0.0037382582106674,1311.5071905265077,0.1220760941910427,0,0.25963832747632093,3.572669295864391,5800,0.01519,0,0
270554477,1.8181860757527348,2.4000000000000004,0.0037382582106674,1311.5071905265077,0.1220760941910427,0,0.25963832747632093,3.572669295864391,5800,0.01525,0,0
270554477,1.8181860757527348,2.4000000000000004,0.0037382582106674,1311.5071905265077,0.1220760941910427,0,0.25963832747632093,3.572669295864391,5800,0.015015,0,0
270554477,1.8181860757527348,2.4000000000000004,0.0037382582106674,1311.5071905265077,0.1220760941910427,0,0.25963832747632093,3.572669295864391,5800,0.015305,0,0
270554477,1.8181860757527348,2.4000000000000004,0.0037382582106674,1311.5071905265077,0.1220760941910427,0,0.25963832747632093,3.572669295864391,5800,0.01525,0,0
272285817,4.144776348875646,2.4000000000000004,0.0726259769255056,1313.6207871800718,1.6098562613116083,0,0.6175011010938438,4.861091987333021,5800,0.0039,0,0
272285817,4.144776348875646,2.4000000000000004,0.0726259769255056,1313.6207871800718,1.6098562613116083,0,0.6175011010938438,4.861091987333021,5800,0.002611,0,0
272285817,4.144776348875646,2.4000000000000004,0.0726259769255056,1313.6207871800718,1.6098562613116083,0,0.6175011010938438,4.861091987333021,5800,0.015305,0,0
272285817,4.144776348875646,2.4000000000000004,0.0726259769255056,1313.6207871800718,1.6098562613116083,0,0.6175011010938438,4.861091987333021,5800,0.01525,0,0
272285817,4.144776348875646,2.4000000000000004,0.0726259769255056,1313.6207871800718,1.6098562613116083,0,0.6175011010938438,4.861091987333021,5800,0.0149,0,0
277911545,13.843812047254785,2.4000000000000004,0.0010943783405077,1324.2487608995036,0.0130853642171045,1,1.1412556943930947,3.0391674890808362,5800,0.01467,0,1
277911545,13.843812047254785,2.4000000000000004,0.0010943783405077,1324.2487608995036,0.0130853642171045,1,1.1412556943930947,3.0391674890808362,5800,0.01549,0,1
277911545,13.843812047254785,2.4000000000000004,0.0010943783405077,1324.2487608995036,0.0130853642171045,1,1.1412556943930947,3.0391674890808362,5800,0.01549,0,1
277911545,13.843812047254785,2.4000000000000004,0.0010943783405077,1324.2487608995036,0.0130853642171045,0,1.1412556943930947,3.0391674890808362,5800,0.01374,0,0
277911545,13.843812047254785,2.4000000000000004,0.0010943783405077,1324.2487608995036,0.0130853642171045,0,1.1412556943930947,3.0391674890808362,5800,0.015366,0,0
277911545,13.843812047254785,2.4000000000000004,0.0010943783405077,1324.2487608995036,0.0130853642171045,0,1.1412556943930947,3.0391674890808362,5800,0.01385,0,0
277911545,13.843812047254785,2.4000000000000004,0.0010943783405077,1324.2487608995036,0.0130853642171045,0,1.1412556943930947,3.0391674890808362,5800,0.015015,0,0
277911545,13.843812047254785,2.4000000000000004,0.0010943783405077,1324.2487608995036,0.0130853642171045,0,1.1412556943930947,3.0391674890808362,5800,0.01525,0,0
278658315,21.41653792926894,2.4000000000000004,0.0010676441821738,1311.023735385032,0.0127657067587206,1,1.3307492666949,3.0284265378367565,5800,0.003809,0,1
278658315,21.41653792926894,2.4000000000000004,0.0010676441821738,1311.023735385032,0.0127657067587206,1,1.3307492666949,3.0284265378367565,5800,0.003975,0,1
278658315,21.41653792926894,2.4000000000000004,0.0010676441821738,1311.023735385032,0.0127657067587206,1,1.3307492666949,3.0284265378367565,5800,0.003088,0,1
278658315,21.41653792926894,2.4000000000000004,0.0010676441821738,1311.023735385032,0.0127657067587206,0,1.3307492666949,3.0284265378367565,5800,0.015305,0,0
278658315,21.41653792926894,2.4000000000000004,0.0010676441821738,1311.023735385032,0.0127657067587206,0,1.3307492666949,3.0284265378367565,5800,0.01543,0,0
278658315,21.41653792926894,2.4000000000000004,0.0010676441821738,1311.023735385032,0.0127657067587206,0,1.3307492666949,3.0284265378367565,5800,0.003944,0,0
278658315,21.41653792926894,2.4000000000000004,0.0010676441821738,1311.023735385032,0.0127657067587206,0,1.3307492666949,3.0284265378367565,5800,0.00387,0,0
278658315,21.41653792926894,2.4000000000000004,0.0010676441821738,1311.023735385032,0.0127657067587206,0,1.3307492666949,3.0284265378367565,5800,0.01519,0,0
279950870,14.43113871440896,0.48,0.0079751149231159,1310.998230186828,0.0429162827182719,0,1.1593006012163347,3.9017369500509074,5800,0.01495,0,0
279950870,14.43113871440896,0.48,0.0079751149231159,1310.998230186828,0.0429162827182719,0,1.1593006012163347,3.9017369500509074,5800,0.01525,0,0
279950870,14.43113871440896,0.48,0.0079751149231159,1310.998230186828,0.0429162827182719,0,1.1593006012163347,3.9017369500509074,5800,0.013794,0,0
279950870,14.43113871440896,0.48,0.0079751149231159,1310.998230186828,0.0429162827182719,0,1.1593006012163347,3.9017369500509074,5800,0.015076,0,0
279950870,14.43113871440896,0.48,0.0079751149231159,1310.998230186828,0.0429162827182719,0,1.1593006012163347,3.9017369500509074,5800,0.003944,0,0
290542693,4.181353919888417,2.4000000000000004,0.0009056554272176,1312.3145355804422,0.0200751180475373,1,0.6213169288394343,2.9569629940099715,5800,0.0139,0,1
290542693,4.181353919888417,2.4000000000000004,0.0009056554272176,1312.3145355804422,0.0200751180475373,1,0.6213169288394343,2.9569629940099715,5800,0.015366,0,1
290542693,4.181353919888417,2.4000000000000004,0.0009056554272176,1312.3145355804422,0.0200751180475373,1,0.6213169288394343,2.9569629940099715,5800,0.013794,0,1
290542693,4.181353919888417,2.4000000000000004,0.0009056554272176,1312.3145355804422,0.0200751180475373,0,0.6213169288394343,2.9569629940099715,5800,0.015015,0,0
290542693,4.181353919888417,2.4000000000000004,0.0009056554272176,1312.3145355804422,0.0200751180475373,0,0.6213169288394343,2.9569629940099715,5800,0.01401,0,0
290542693,4.181353919888417,2.4000000000000004,0.0009056554272176,1312.3145355804422,0.0200751180475373,0,0.6213169288394343,2.9569629940099715,5800,0.01484,0,0
290542693,4.181353919888417,2.4000000000000004,0.0009056554272176,1312.3145355804422,0.0200751180475373,0,0.6213169288394343,2.9569629940099715,5800,0.01484,0,0
290542693,4.181353919888417,2.4000000000000004,0.0009056554272176,1312.3145355804422,0.0200751180475373,0,0.6213169288394343,2.9569629940099715,5800,0.0139,0,0
290359513,1.6832530774388843,0.96,0.0024223313844535,1311.003546659265,0.0513546608716709,0,0.22614941714770861,3.3842335560633465,5800,0.01374,0,0
290359513,1.6832530774388843,0.96,0.0024223313844535,1311.003546659265,0.0513546608716709,0,0.22614941714770861,3.3842335560633465,5800,0.015366,0,0
290359513,1.6832530774388843,0.96,0.0024223313844535,1311.003546659265,0.0513546608716709,0,0.22614941714770861,3.3842335560633465,5800,0.01374,0,0
290359513,1.6832530774388843,0.96,0.0024223313844535,1311.003546659265,0.0513546608716709,0,0.22614941714770861,3.3842335560633465,5800,0.01513,0,0
290359513,1.6832530774388843,0.96,0.0024223313844535,1311.003546659265,0.0513546608716709,0,0.22614941714770861,3.3842335560633465,5800,0.015076,0,0
293223210,14.106977845872672,1.44,0.0045396252968588,1310.5815391131655,0.0474813948503093,1,1.1494339843113546,3.6570200074336756,5800,0.015305,0,1
293223210,14.106977845872672,1.44,0.0045396252968588,1310.5815391131655,0.0474813948503093,1,1.1494339843113546,3.6570200074336756,5800,0.015305,0,1
293223210,14.106977845872672,1.44,0.0045396252968588,1310.5815391131655,0.0474813948503093,1,1.1494339843113546,3.6570200074336756,5800,0.015305,0,1
293223210,14.106977845872672,1.44,0.0045396252968588,1310.5815391131655,0.0474813948503093,0,1.1494339843113546,3.6570200074336756,5800,0.015305,0,0
293223210,14.106977845872672,1.44,0.0045396252968588,1310.5815391131655,0.0474813948503093,0,1.1494339843113546,3.6570200074336756,5800,0.015305,0,0
293223210,14.106977845872672,1.44,0.0045396252968588,1310.5815391131655,0.0474813948503093,0,1.1494339843113546,3.6570200074336756,5800,0.01549,0,0
293223210,14.106977845872672,1.44,0.0045396252968588,1310.5815391131655,0.0474813948503093,0,1.1494339843113546,3.6570200074336756,5800,0.00399,0,0
293223210,14.106977845872672,1.44,0.0045396252968588,1310.5815391131655,0.0474813948503093,0,1.1494339843113546,3.6570200074336756,5800,0.01525,0,0
293525326,14.041419810438256,2.4000000000000004,0.004999563301963,1310.6868681399012,0.0708718133163301,1,1.1474110240803113,3.6989320715699328,5800,0.01525,0,1
293525326,14.041419810438256,2.4000000000000004,0.004999563301963,1310.6868681399012,0.0708718133163301,1,1.1474110240803113,3.6989320715699328,5800,0.015305,0,1
293525326,14.041419810438256,2.4000000000000004,0.004999563301963,1310.6868681399012,0.0708718133163301,1,1.1474110240803113,3.6989320715699328,5800,0.015305,0,1
293525326,14.041419810438256,2.4000000000000004,0.004999563301963,1310.6868681399012,0.0708718133163301,0,1.1474110240803113,3.6989320715699328,5800,0.013794,0,0
293525326,14.041419810438256,2.4000000000000004,0.004999563301963,1310.6868681399012,0.0708718133163301,0,1.1474110240803113,3.6989320715699328,5800,0.01495,0,0
293525326,14.041419810438256,2.4000000000000004,0.004999563301963,1310.6868681399012,0.0708718133163301,0,1.1474110240803113,3.6989320715699328,5800,0.013794,0,0
293525326,14.041419810438256,2.4000000000000004,0.004999563301963,1310.6868681399012,0.0708718133163301,0,1.1474110240803113,3.6989320715699328,5800,0.00396,0,0
293525326,14.041419810438256,2.4000000000000004,0.004999563301963,1310.6868681399012,0.0708718133163301,0,1.1474110240803113,3.6989320715699328,5800,0.01513,0,0
293268518,7.017676822887538,2.4000000000000004,0.0068112058932177,1311.9997122373304,0.1147580293962865,0,0.8461933642686218,3.833224008595162,5800,0.015076,0,0
293268518,7.017676822887538,2.4000000000000004,0.0068112058932177,1311.9997122373304,0.1147580293962865,0,0.8461933642686218,3.833224008595162,5800,0.015076,0,0
293268518,7.017676822887538,2.4000000000000004,0.0068112058932177,1311.9997122373304,0.1147580293962865,0,0.8461933642686218,3.833224008595162,5800,0.01374,0,0
293268518,7.017676822887538,2.4000000000000004,0.0068112058932177,1311.9997122373304,0.1147580293962865,0,0.8461933642686218,3.833224008595162,5800,0.01484,0,0
293268518,7.017676822887538,2.4000000000000004,0.0068112058932177,1311.9997122373304,0.1147580293962865,0,0.8461933642686218,3.833224008595162,5800,0.015305,0,0
299744422,1.9967654124142489,2.4000000000000004,0.0017044358521022,1312.2455658193644,0.0527383599570161,0,0.30032704530214444,3.231580660829044,5800,0.01401,0,0
299744422,1.9967654124142489,2.4000000000000004,0.0017044358521022,1312.2455658193644,0.0527383599570161,0,0.30032704530214444,3.231580660829044,5800,0.0149,0,0
299744422,1.9967654124142489,2.4000000000000004,0.0017044358521022,1312.2455658193644,0.0527383599570161,0,0.30032704530214444,3.231580660829044,5800,0.01495,0,0
299744422,1.9967654124142489,2.4000000000000004,0.0017044358521022,1312.2455658193644,0.0527383599570161,0,0.30032704530214444,3.231580660829044,5800,0.0139,0,0
299744422,1.9967654124142489,2.4000000000000004,0.0017044358521022,1312.2455658193644,0.0527383599570161,0,0.30032704530214444,3.231580660829044,5800,0.015366,0,0
300160320,19.91046403215236,2.4000000000000004,0.0008367213495939,1330.412489910026,0.0070870752633898,1,1.2990813817880722,2.9225808504874804,5800,0.0139,0,1
300160320,19.91046403215236,2.4000000000000004,0.0008367213495939,1330.412489910026,0.0070870752633898,1,1.2990813817880722,2.9225808504874804,5800,0.0139,0,1
300160320,19.91046403215236,2.4000000000000004,0.0008367213495939,1330.412489910026,0.0070870752633898,1,1.2990813817880722,2.9225808504874804,5800,0.0139,0,1
300160320,19.91046403215236,2.4000000000000004,0.0008367213495939,1330.412489910026,0.0070870752633898,0,1.2990813817880722,2.9225808504874804,5800,0.0149,0,0
300160320,19.91046403215236,2.4000000000000004,0.0008367213495939,1330.412489910026,0.0070870752633898,0,1.2990813817880722,2.9225808504874804,5800,0.01385,0,0
300160320,19.91046403215236,2.4000000000000004,0.0008367213495939,1330.412489910026,0.0070870752633898,0,1.2990813817880722,2.9225808504874804,5800,0.0139,0,0
300160320,19.91046403215236,2.4000000000000004,0.0008367213495939,1330.412489910026,0.0070870752633898,0,1.2990813817880722,2.9225808504874804,5800,0.01525,0,0
300160320,19.91046403215236,2.4000000000000004,0.0008367213495939,1330.412489910026,0.0070870752633898,0,1.2990813817880722,2.9225808504874804,5800,0.015305,0,0
300611942,0.436629327542342,1.44,0.022479235570568,1310.927651120644,1.0899083074926252,0,-0.3598870969318621,4.351781538519406,5800,0.01519,0,0
300611942,0.436629327542342,1.44,0.022479235570568,1310.927651120644,1.0899083074926252,0,-0.3598870969318621,4.351781538519406,5800,0.0149,0,0
300611942,0.436629327542342,1.44,0.022479235570568,1310.927651120644,1.0899083074926252,0,-0.3598870969318621,4.351781538519406,5800,0.004433,0,0
300611942,0.436629327542342,1.44,0.022479235570568,1310.927651120644,1.0899083074926252,0,-0.3598870969318621,4.351781538519406,5800,0.01513,0,0
300611942,0.436629327542342,1.44,0.022479235570568,1310.927651120644,1.0899083074926252,0,-0.3598870969318621,4.351781538519406,5800,0.01495,0,0
300840726,1.3411240377837794,2.4000000000000004,0.2837603142976433,1310.6076616976743,10.798127585184211,0,0.12746894670607578,5.0,5800,0.002632,0,0
300840726,1.3411240377837794,2.4000000000000004,0.2837603142976433,1310.6076616976743,10.798127585184211,0,0.12746894670607578,5.0,5800,0.002611,0,0
300840726,1.3411240377837794,2.4000000000000004,0.2837603142976433,1310.6076616976743,10.798127585184211,0,0.12746894670607578,5.0,5800,0.01406,0,0
300840726,1.3411240377837794,2.4000000000000004,0.2837603142976433,1310.6076616976743,10.798127585184211,0,0.12746894670607578,5.0,5800,0.003824,0,0
300840726,1.3411240377837794,2.4000000000000004,0.2837603142976433,1310.6076616976743,10.798127585184211,0,0.12746894670607578,5.0,5800,0.015015,0,0
30631031,6.90294006203306,2.4000000000000004,0.0010627901928508,1316.406699676273,0.0179063311409672,1,0.8390341024421505,3.026447538201138,5800,0.013794,0,1
30631031,6.90294006203306,2.4000000000000004,0.0010627901928508,1316.406699676273,0.0179063311409672,1,0.8390341024421505,3.026447538201138,5800,0.01385,0,1
30631031,6.90294006203306,2.4000000000000004,0.0010627901928508,1316.406699676273,0.0179063311409672,1,0.8390341024421505,3.026447538201138,5800,0.01374,0,1
30631031,6.90294006203306,2.4000000000000004,0.0010627901928508,1316.406699676273,0.0179063311409672,0,0.8390341024421505,3.026447538201138,5800,0.013954,0,0
30631031,6.90294006203306,2.4000000000000004,0.0010627901928508,1316.406699676273,0.0179063311409672,0,0.8390341024421505,3.026447538201138,5800,0.003944,0,0
30631031,6.90294006203306,2.4000000000000004,0.0010627901928508,1316.406699676273,0.0179063311409672,0,0.8390341024421505,3.026447538201138,5800,0.01385,0,0
30631031,6.90294006203306,2.4000000000000004,0.0010627901928508,1316.406699676273,0.0179063311409672,0,0.8390341024421505,3.026447538201138,5800,0.015076,0,0
30631031,6.90294006203306,2.4000000000000004,0.0010627901928508,1316.406699676273,0.0179063311409672,0,0.8390341024421505,3.026447538201138,5800,0.0139,0,0
306636311,18.73524842398769,2.4000000000000004,0.130188693346105,1311.078133413369,1.5566522164467642,0,1.272659456087502,5.0,5800,0.015305,0,0
306636311,18.73524842398769,2.4000000000000004,0.130188693346105,1311.078133413369,1.5566522164467642,0,1.272659456087502,5.0,5800,0.00368,0,0
306636311,18.73524842398769,2.4000000000000004,0.130188693346105,1311.078133413369,1.5566522164467642,0,1.272659456087502,5.0,5800,0.003565,0,0
306636311,18.73524842398769,2.4000000000000004,0.130188693346105,1311.078133413369,1.5566522164467642,0,1.272659456087502,5.0,5800,0.0149,0,0
306636311,18.73524842398769,2.4000000000000004,0.130188693346105,1311.078133413369,1.5566522164467642,0,1.272659456087502,5.0,5800,0.003809,0,0
31181554,7.745350054274189,1.92,0.0063575730827012,1312.1564880274557,0.0956573439849119,1,0.8890410506561212,3.8032913612553636,5800,0.0156,0,1
31181554,7.745350054274189,1.92,0.0063575730827012,1312.1564880274557,0.0956573439849119,1,0.8890410506561212,3.8032913612553636,5800,0.01513,0,1
31181554,7.745350054274189,1.92,0.0063575730827012,1312.1564880274557,0.0956573439849119,1,0.8890410506561212,3.8032913612553636,5800,0.0156,0,1
31181554,7.745350054274189,1.92,0.0063575730827012,1312.1564880274557,0.0956573439849119,0,0.8890410506561212,3.8032913612553636,5800,0.01525,0,0
31181554,7.745350054274189,1.92,0.0063575730827012,1312.1564880274557,0.0956573439849119,0,0.8890410506561212,3.8032913612553636,5800,0.00396,0,0
31181554,7.745350054274189,1.92,0.0063575730827012,1312.1564880274557,0.0956573439849119,0,0.8890410506561212,3.8032913612553636,5800,0.015015,0,0
31181554,7.745350054274189,1.92,0.0063575730827012,1312.1564880274557,0.0956573439849119,0,0.8890410506561212,3.8032913612553636,5800,0.00399,0,0
31181554,7.745350054274189,1.92,0.0063575730827012,1312.1564880274557,0.0956573439849119,0,0.8890410506561212,3.8032913612553636,5800,0.015015,0,0
306822783,1.205864036663013,1.92,0.0024973814269268,1311.2364444494644,0.0860754706717534,1,0.08129834308127946,3.3974848775371176,5800,0.015076,0,1
306822783,1.205864036663013,1.92,0.0024973814269268,1311.2364444494644,0.0860754706717534,1,0.08129834308127946,3.3974848775371176,5800,0.00396,0,1
306822783,1.205864036663013,1.92,0.0024973814269268,1311.2364444494644,0.0860754706717534,1,0.08129834308127946,3.3974848775371176,5800,0.015366,0,1
306822783,1.205864036663013,1.92,0.0024973814269268,1311.2364444494644,0.0860754706717534,0,0.08129834308127946,3.3974848775371176,5800,0.003944,0,0
306822783,1.205864036663013,1.92,0.0024973814269268,1311.2364444494644,0.0860754706717534,0,0.08129834308127946,3.3974848775371176,5800,0.00399,0,0
306822783,1.205864036663013,1.92,0.0024973814269268,1311.2364444494644,0.0860754706717534,0,0.08129834308127946,3.3974848775371176,5800,0.003363,0,0
306822783,1.205864036663013,1.92,0.0024973814269268,1311.2364444494644,0.0860754706717534,0,0.08129834308127946,3.3974848775371176,5800,0.003944,0,0
306822783,1.205864036663013,1.92,0.0024973814269268,1311.2364444494644,0.0860754706717534,0,0.08129834308127946,3.3974848775371176,5800,0.00396,0,0
316341281,13.79693554314733,0.48,0.0060313608114066,1314.127626408513,0.0318927012099824,1,1.1397826353511165,3.7804153098531037,5800,0.0139,0,1
316341281,13.79693554314733,0.48,0.0060313608114066,1314.127626408513,0.0318927012099824,1,1.1397826353511165,3.7804153098531037,5800,0.015305,0,1
316341281,13.79693554314733,0.48,0.0060313608114066,1314.127626408513,0.0318927012099824,1,1.1397826353511165,3.7804153098531037,5800,0.0139,0,1
316341281,13.79693554314733,0.48,0.0060313608114066,1314.127626408513,0.0318927012099824,0,1.1397826353511165,3.7804153098531037,5800,0.01374,0,0
316341281,13.79693554314733,0.48,0.0060313608114066,1314.127626408513,0.0318927012099824,0,1.1397826353511165,3.7804153098531037,5800,0.013794,0,0
316341281,13.79693554314733,0.48,0.0060313608114066,1314.127626408513,0.0318927012099824,0,1.1397826353511165,3.7804153098531037,5800,0.01385,0,0
316341281,13.79693554314733,0.48,0.0060313608114066,1314.127626408513,0.0318927012099824,0,1.1397826353511165,3.7804153098531037,5800,0.01525,0,0
316341281,13.79693554314733,0.48,0.0060313608114066,1314.127626408513,0.0318927012099824,0,1.1397826353511165,3.7804153098531037,5800,0.01525,0,0
319740048,23.115391943146232,2.4000000000000004,0.0011292243797659,1333.6170402241664,0.0095645918112877,1,1.3639012617067205,3.052780245921484,5800,0.013794,0,1
319740048,23.115391943146232,2.4000000000000004,0.0011292243797659,1333.6170402241664,0.0095645918112877,1,1.3639012617067205,3.052780245921484,5800,0.015305,0,1
319740048,23.115391943146232,2.4000000000000004,0.0011292243797659,1333.6170402241664,0.0095645918112877,1,1.3639012617067205,3.052780245921484,5800,0.0139,0,1
319740048,23.115391943146232,2.4000000000000004,0.0011292243797659,1333.6170402241664,0.0095645918112877,0,1.3639012617067205,3.052780245921484,5800,0.0149,0,0
319740048,23.115391943146232,2.4000000000000004,0.0011292243797659,1333.6170402241664,0.0095645918112877,0,1.3639012617067205,3.052780245921484,5800,0.013794,0,0
319740048,23.115391943146232,2.4000000000000004,0.0011292243797659,1333.6170402241664,0.0095645918112877,0,1.3639012617067205,3.052780245921484,5800,0.0149,0,0
319740048,23.115391943146232,2.4000000000000004,0.0011292243797659,1333.6170402241664,0.0095645918112877,0,1.3639012617067205,3.052780245921484,5800,0.01374,0,0
319740048,23.115391943146232,2.4000000000000004,0.0011292243797659,1333.6170402241664,0.0095645918112877,0,1.3639012617067205,3.052780245921484,5800,0.01519,0,0
323246164,1.9552744736537644,1.92,0.0078425999628026,1310.9072853210764,0.2180082308621981,1,0.29120773054328575,3.894460062979204,5800,0.00258,0,1
323246164,1.9552744736537644,1.92,0.0078425999628026,1310.9072853210764,0.2180082308621981,1,0.29120773054328575,3.894460062979204,5800,0.01401,0,1
323246164,1.9552744736537644,1.92,0.0078425999628026,1310.9072853210764,0.2180082308621981,1,0.29120773054328575,3.894460062979204,5800,0.003273,0,1
323246164,1.9552744736537644,1.92,0.0078425999628026,1310.9072853210764,0.2180082308621981,0,0.29120773054328575,3.894460062979204,5800,0.01513,0,0
323246164,1.9552744736537644,1.92,0.0078425999628026,1310.9072853210764,0.2180082308621981,0,0.29120773054328575,3.894460062979204,5800,0.003975,0,0
323246164,1.9552744736537644,1.92,0.0078425999628026,1310.9072853210764,0.2180082308621981,0,0.29120773054328575,3.894460062979204,5800,0.003975,0,0
323246164,1.9552744736537644,1.92,0.0078425999628026,1310.9072853210764,0.2180082308621981,0,0.29120773054328575,3.894460062979204,5800,0.01525,0,0
323246164,1.9552744736537644,1.92,0.0078425999628026,1310.9072853210764,0.2180082308621981,0,0.29120773054328575,3.894460062979204,5800,0.0149,0,0
322306553,9.558923879528276,2.4000000000000004,0.004807605710973,1314.9264024421554,0.057484024867604,1,0.9804090032082664,3.681928842403499,5800,0.01495,0,1
322306553,9.558923879528276,2.4000000000000004,0.004807605710973,1314.9264024421554,0.057484024867604,1,0.9804090032082664,3.681928842403499,5800,0.01385,0,1
322306553,9.558923879528276,2.4000000000000004,0.004807605710973,1314.9264024421554,0.057484024867604,1,0.9804090032082664,3.681928842403499,5800,0.01513,0,1
322306553,9.558923879528276,2.4000000000000004,0.004807605710973,1314.9264024421554,0.057484024867604,0,0.9804090032082664,3.681928842403499,5800,0.015076,0,0
322306553,9.558923879528276,2.4000000000000004,0.004807605710973,1314.9264024421554,0.057484024867604,0,0.9804090032082664,3.681928842403499,5800,0.01385,0,0
322306553,9.558923879528276,2.4000000000000004,0.004807605710973,1314.9264024421554,0.057484024867604,0,0.9804090032082664,3.681928842403499,5800,0.01369,0,0
322306553,9.558923879528276,2.4000000000000004,0.004807605710973,1314.9264024421554,0.057484024867604,0,0.9804090032082664,3.681928842403499,5800,0.01495,0,0
322306553,9.558923879528276,2.4000000000000004,0.004807605710973,1314.9264024421554,0.057484024867604,0,0.9804090032082664,3.681928842403499,5800,0.01519,0,0
327785134,14.245465063035343,2.4000000000000004,0.0258305816949797,1324.7214399482607,0.218786429506433,1,1.1536766319547926,4.412134186431748,5800,0.01513,0,1
327785134,14.245465063035343,2.4000000000000004,0.0258305816949797,1324.7214399482607,0.218786429506433,1,1.1536766319547926,4.412134186431748,5800,0.01513,0,1
327785134,14.245465063035343,2.4000000000000004,0.0258305816949797,1324.7214399482607,0.218786429506433,1,1.1536766319547926,4.412134186431748,5800,0.01513,0,1
327785134,14.245465063035343,2.4000000000000004,0.0258305816949797,1324.7214399482607,0.218786429506433,0,1.1536766319547926,4.412134186431748,5800,0.01513,0,0
327785134,14.245465063035343,2.4000000000000004,0.0258305816949797,1324.7214399482607,0.218786429506433,0,1.1536766319547926,4.412134186431748,5800,0.015076,0,0
327785134,14.245465063035343,2.4000000000000004,0.0258305816949797,1324.7214399482607,0.218786429506433,0,1.1536766319547926,4.412134186431748,5800,0.01495,0,0
327785134,14.245465063035343,2.4000000000000004,0.0258305816949797,1324.7214399482607,0.218786429506433,0,1.1536766319547926,4.412134186431748,5800,0.01495,0,0
327785134,14.245465063035343,2.4000000000000004,0.0258305816949797,1324.7214399482607,0.218786429506433,0,1.1536766319547926,4.412134186431748,5800,0.01406,0,0
349306448,12.401454973486414,2.4000000000000004,0.0060522477674405,1314.7334444573228,0.0723660761893131,0,1.093472640798335,3.7819166988999964,5800,0.0149,0,0
349306448,12.401454973486414,2.4000000000000004,0.0060522477674405,1314.7334444573228,0.0723660761893131,0,1.093472640798335,3.7819166988999964,5800,0.0149,0,0
349306448,12.401454973486414,2.4000000000000004,0.0060522477674405,1314.7334444573228,0.0723660761893131,0,1.093472640798335,3.7819166988999964,5800,0.01513,0,0
349306448,12.401454973486414,2.4000000000000004,0.0060522477674405,1314.7334444573228,0.0723660761893131,0,1.093472640798335,3.7819166988999964,5800,0.0149,0,0
349306448,12.401454973486414,2.4000000000000004,0.0060522477674405,1314.7334444573228,0.0723660761893131,0,1.093472640798335,3.7819166988999964,5800,0.01513,0,0
327595236,10.347853173280972,2.4000000000000004,0.001801637513928,1314.259695739561,0.0215419861526214,1,1.0148502578405767,3.2556674162009513,5800,0.01401,0,1
327595236,10.347853173280972,2.4000000000000004,0.001801637513928,1314.259695739561,0.0215419861526214,1,1.0148502578405767,3.2556674162009513,5800,0.015015,0,1
327595236,10.347853173280972,2.4000000000000004,0.001801637513928,1314.259695739561,0.0215419861526214,1,1.0148502578405767,3.2556674162009513,5800,0.015366,0,1
327595236,10.347853173280972,2.4000000000000004,0.001801637513928,1314.259695739561,0.0215419861526214,0,1.0148502578405767,3.2556674162009513,5800,0.015305,0,0
327595236,10.347853173280972,2.4000000000000004,0.001801637513928,1314.259695739561,0.0215419861526214,0,1.0148502578405767,3.2556674162009513,5800,0.013794,0,0
327595236,10.347853173280972,2.4000000000000004,0.001801637513928,1314.259695739561,0.0215419861526214,0,1.0148502578405767,3.2556674162009513,5800,0.01543,0,0
327595236,10.347853173280972,2.4000000000000004,0.001801637513928,1314.259695739561,0.0215419861526214,0,1.0148502578405767,3.2556674162009513,5800,0.015305,0,0
327595236,10.347853173280972,2.4000000000000004,0.001801637513928,1314.259695739561,0.0215419861526214,0,1.0148502578405767,3.2556674162009513,5800,0.0149,0,0
349833322,0.4956637550536691,2.4000000000000004,0.0052085053543894,1310.877864859578,0.2975688870817332,1,-0.30481283730968983,3.716713114956301,5800,0.01385,0,1
349833322,0.4956637550536691,2.4000000000000004,0.0052085053543894,1310.877864859578,0.2975688870817332,1,-0.30481283730968983,3.716713114956301,5800,0.003483,0,1
349833322,0.4956637550536691,2.4000000000000004,0.0052085053543894,1310.877864859578,0.2975688870817332,1,-0.30481283730968983,3.716713114956301,5800,0.0139,0,1
349833322,0.4956637550536691,2.4000000000000004,0.0052085053543894,1310.877864859578,0.2975688870817332,0,-0.30481283730968983,3.716713114956301,5800,0.01369,0,0
349833322,0.4956637550536691,2.4000000000000004,0.0052085053543894,1310.877864859578,0.2975688870817332,0,-0.30481283730968983,3.716713114956301,5800,0.0149,0,0
349833322,0.4956637550536691,2.4000000000000004,0.0052085053543894,1310.877864859578,0.2975688870817332,0,-0.30481283730968983,3.716713114956301,5800,0.015015,0,0
349833322,0.4956637550536691,2.4000000000000004,0.0052085053543894,1310.877864859578,0.2975688870817332,0,-0.30481283730968983,3.716713114956301,5800,0.01374,0,0
349833322,0.4956637550536691,2.4000000000000004,0.0052085053543894,1310.877864859578,0.2975688870817332,0,-0.30481283730968983,3.716713114956301,5800,0.0149,0,0
354135591,9.361658673111933,2.4000000000000004,0.0143124535843601,1310.618796541239,0.2411421699647179,0,0.9713528026655597,4.155714091258533,5800,0.01513,0,0
354135591,9.361658673111933,2.4000000000000004,0.0143124535843601,1310.618796541239,0.2411421699647179,0,0.9713528026655597,4.155714091258533,5800,0.015305,0,0
354135591,9.361658673111933,2.4000000000000004,0.0143124535843601,1310.618796541239,0.2411421699647179,0,0.9713528026655597,4.155714091258533,5800,0.015015,0,0
354135591,9.361658673111933,2.4000000000000004,0.0143124535843601,1310.618796541239,0.2411421699647179,0,0.9713528026655597,4.155714091258533,5800,0.002653,0,0
354135591,9.361658673111933,2.4000000000000004,0.0143124535843601,1310.618796541239,0.2411421699647179,0,0.9713528026655597,4.155714091258533,5800,0.015076,0,0
355136328,0.5476687374329066,2.4000000000000004,0.0360897028663578,1310.9613272331474,1.968046381702021,0,-0.2614820491896809,4.5573833064420946,5800,0.01513,0,0
355136328,0.5476687374329066,2.4000000000000004,0.0360897028663578,1310.9613272331474,1.968046381702021,0,-0.2614820491896809,4.5573833064420946,5800,0.01406,0,0
355136328,0.5476687374329066,2.4000000000000004,0.0360897028663578,1310.9613272331474,1.968046381702021,0,-0.2614820491896809,4.5573833064420946,5800,0.002611,0,0
355136328,0.5476687374329066,2.4000000000000004,0.0360897028663578,1310.9613272331474,1.968046381702021,0,-0.2614820491896809,4.5573833064420946,5800,0.01423,0,0
355136328,0.5476687374329066,2.4000000000000004,0.0360897028663578,1310.9613272331474,1.968046381702021,0,-0.2614820491896809,4.5573833064420946,5800,0.01513,0,0
355210936,6.44414045632459,2.4000000000000004,0.0009928342840133,1311.3252898051555,0.0186680699524763,1,0.8091649977220318,2.9968767655703625,5800,0.01554,0,1
355210936,6.44414045632459,2.4000000000000004,0.0009928342840133,1311.3252898051555,0.0186680699524763,1,0.8091649977220318,2.9968767655703625,5800,0.01385,0,1
355210936,6.44414045632459,2.4000000000000004,0.0009928342840133,1311.3252898051555,0.0186680699524763,1,0.8091649977220318,2.9968767655703625,5800,0.01543,0,1
355210936,6.44414045632459,2.4000000000000004,0.0009928342840133,1311.3252898051555,0.0186680699524763,0,0.8091649977220318,2.9968767655703625,5800,0.0149,0,0
355210936,6.44414045632459,2.4000000000000004,0.0009928342840133,1311.3252898051555,0.0186680699524763,0,0.8091649977220318,2.9968767655703625,5800,0.00393,0,0
355210936,6.44414045632459,2.4000000000000004,0.0009928342840133,1311.3252898051555,0.0186680699524763,0,0.8091649977220318,2.9968767655703625,5800,0.003944,0,0
355210936,6.44414045632459,2.4000000000000004,0.0009928342840133,1311.3252898051555,0.0186680699524763,0,0.8091649977220318,2.9968767655703625,5800,0.0139,0,0
355210936,6.44414045632459,2.4000000000000004,0.0009928342840133,1311.3252898051555,0.0186680699524763,0,0.8091649977220318,2.9968767655703625,5800,0.01519,0,0
352023040,3.209622180137956,2.4000000000000004,0.0873193503372248,1312.307734534454,2.1866261362543726,0,0.5064539125486487,4.941110495864312,5800,0.0149,0,0
352023040,3.209622180137956,2.4000000000000004,0.0873193503372248,1312.307734534454,2.1866261362543726,0,0.5064539125486487,4.941110495864312,5800,0.014175,0,0
352023040,3.209622180137956,2.4000000000000004,0.0873193503372248,1312.307734534454,2.1866261362543726,0,0.5064539125486487,4.941110495864312,5800,0.01385,0,0
352023040,3.209622180137956,2.4000000000000004,0.0873193503372248,1312.307734534454,2.1866261362543726,0,0.5064539125486487,4.941110495864312,5800,0.015015,0,0
352023040,3.209622180137956,2.4000000000000004,0.0873193503372248,1312.307734534454,2.1866261362543726,0,0.5064539125486487,4.941110495864312,5800,0.013535,0,0
369817303,0.8871787917300324,1.92,0.0008942680023049,1310.7561846083663,0.0366046123718665,0,-0.051988848672138245,2.9514676915920273,5800,0.01513,0,0
369817303,0.8871787917300324,1.92,0.0008942680023049,1310.7561846083663,0.0366046123718665,0,-0.051988848672138245,2.9514676915920273,5800,0.01525,0,0
369817303,0.8871787917300324,1.92,0.0008942680023049,1310.7561846083663,0.0366046123718665,0,-0.051988848672138245,2.9514676915920273,5800,0.015076,0,0
369817303,0.8871787917300324,1.92,0.0008942680023049,1310.7561846083663,0.0366046123718665,0,-0.051988848672138245,2.9514676915920273,5800,0.01525,0,0
369817303,0.8871787917300324,1.92,0.0008942680023049,1310.7561846083663,0.0366046123718665,0,-0.051988848672138245,2.9514676915920273,5800,0.015076,0,0
365954483,14.146915737386406,1.92,0.0075875517783805,1324.6804853021297,0.0629185517583463,1,1.150661766769322,3.8801016677720397,5800,0.01513,0,1
365954483,14.146915737386406,1.92,0.0075875517783805,1324.6804853021297,0.0629185517583463,1,1.150661766769322,3.8801016677720397,5800,0.01513,0,1
365954483,14.146915737386406,1.92,0.0075875517783805,1324.6804853021297,0.0629185517583463,1,1.150661766769322,3.8801016677720397,5800,0.01513,0,1
365954483,14.146915737386406,1.92,0.0075875517783805,1324.6804853021297,0.0629185517583463,0,1.150661766769322,3.8801016677720397,5800,0.015366,0,0
365954483,14.146915737386406,1.92,0.0075875517783805,1324.6804853021297,0.0629185517583463,0,1.150661766769322,3.8801016677720397,5800,0.003914,0,0
365954483,14.146915737386406,1.92,0.0075875517783805,1324.6804853021297,0.0629185517583463,0,1.150661766769322,3.8801016677720397,5800,0.00316,0,0
365954483,14.146915737386406,1.92,0.0075875517783805,1324.6804853021297,0.0629185517583463,0,1.150661766769322,3.8801016677720397,5800,0.01525,0,0
365954483,14.146915737386406,1.92,0.0075875517783805,1324.6804853021297,0.0629185517583463,0,1.150661766769322,3.8801016677720397,5800,0.00399,0,0
370244421,14.426049898206276,2.4000000000000004,0.0040742538696113,1324.3358884091851,0.0471791447477348,0,1.159147430036091,3.6100480867005302,5800,0.00393,0,0
370244421,14.426049898206276,2.4000000000000004,0.0040742538696113,1324.3358884091851,0.0471791447477348,0,1.159147430036091,3.6100480867005302,5800,0.01525,0,0
370244421,14.426049898206276,2.4000000000000004,0.0040742538696113,1324.3358884091851,0.0471791447477348,0,1.159147430036091,3.6100480867005302,5800,0.01401,0,0
370244421,14.426049898206276,2.4000000000000004,0.0040742538696113,1324.3358884091851,0.0471791447477348,0,1.159147430036091,3.6100480867005302,5800,0.015305,0,0
370244421,14.426049898206276,2.4000000000000004,0.0040742538696113,1324.3358884091851,0.0471791447477348,0,1.159147430036091,3.6100480867005302,5800,0.01513,0,0
379236118,11.4665641600818,2.4000000000000004,0.001144929132155,1314.5567540324644,0.0167362002248114,1,1.0594333054469416,3.0587786059191133,5800,0.013794,0,1
379236118,11.4665641600818,2.4000000000000004,0.001144929132155,1314.5567540324644,0.0167362002248114,1,1.0594333054469416,3.0587786059191133,5800,0.01519,0,1
379236118,11.4665641600818,2.4000000000000004,0.001144929132155,1314.5567540324644,0.0167362002248114,1,1.0594333054469416,3.0587786059191133,5800,0.013794,0,1
379236118,11.4665641600818,2.4000000000000004,0.001144929132155,1314.5567540324644,0.0167362002248114,0,1.0594333054469416,3.0587786059191133,5800,0.015015,0,0
379236118,11.4665641600818,2.4000000000000004,0.001144929132155,1314.5567540324644,0.0167362002248114,0,1.0594333054469416,3.0587786059191133,5800,0.015305,0,0
379236118,11.4665641600818,2.4000000000000004,0.001144929132155,1314.5567540324644,0.0167362002248114,0,1.0594333054469416,3.0587786059191133,5800,0.01525,0,0
379236118,11.4665641600818,2.4000000000000004,0.001144929132155,1314.5567540324644,0.0167362002248114,0,1.0594333054469416,3.0587786059191133,5800,0.01525,0,0
379236118,11.4665641600818,2.4000000000000004,0.001144929132155,1314.5567540324644,0.0167362002248114,0,1.0594333054469416,3.0587786059191133,5800,0.01513,0,0
372320141,20.283551724851712,2.4000000000000004,0.0057740237320139,1310.605977283731,0.0690393812952779,0,1.3071440038885276,3.761478564557085,5800,0.01525,0,0
372320141,20.283551724851712,2.4000000000000004,0.0057740237320139,1310.605977283731,0.0690393812952779,0,1.3071440038885276,3.761478564557085,5800,0.013794,0,0
372320141,20.283551724851712,2.4000000000000004,0.0057740237320139,1310.605977283731,0.0690393812952779,0,1.3071440038885276,3.761478564557085,5800,0.015015,0,0
372320141,20.283551724851712,2.4000000000000004,0.0057740237320139,1310.605977283731,0.0690393812952779,0,1.3071440038885276,3.761478564557085,5800,0.0149,0,0
372320141,20.283551724851712,2.4000000000000004,0.0057740237320139,1310.605977283731,0.0690393812952779,0,1.3071440038885276,3.761478564557085,5800,0.0149,0,0
375232613,0.8461264393458712,1.44,0.003085540639414,1311.038570485083,0.1107249953534773,0,-0.07256473411561849,3.4893312708466677,5800,0.014114,0,0
375232613,0.8461264393458712,1.44,0.003085540639414,1311.038570485083,0.1107249953534773,0,-0.07256473411561849,3.4893312708466677,5800,0.0149,0,0
375232613,0.8461264393458712,1.44,0.003085540639414,1311.038570485083,0.1107249953534773,0,-0.07256473411561849,3.4893312708466677,5800,0.003944,0,0
375232613,0.8461264393458712,1.44,0.003085540639414,1311.038570485083,0.1107249953534773,0,-0.07256473411561849,3.4893312708466677,5800,0.0149,0,0
375232613,0.8461264393458712,1.44,0.003085540639414,1311.038570485083,0.1107249953534773,0,-0.07256473411561849,3.4893312708466677,5800,0.004005,0,0
375034775,15.176358099980185,0.96,0.0305759809300627,1323.6395333897228,0.1701083894253023,1,1.1811675655750264,4.485380398845844,5800,0.01495,0,1
375034775,15.176358099980185,0.96,0.0305759809300627,1323.6395333897228,0.1701083894253023,1,1.1811675655750264,4.485380398845844,5800,0.00393,0,1
375034775,15.176358099980185,0.96,0.0305759809300627,1323.6395333897228,0.1701083894253023,1,1.1811675655750264,4.485380398845844,5800,0.00396,0,1
375034775,15.176358099980185,0.96,0.0305759809300627,1323.6395333897228,0.1701083894253023,0,1.1811675655750264,4.485380398845844,5800,0.01513,0,0
375034775,15.176358099980185,0.96,0.0305759809300627,1323.6395333897228,0.1701083894253023,0,1.1811675655750264,4.485380398845844,5800,0.003914,0,0
375034775,15.176358099980185,0.96,0.0305759809300627,1323.6395333897228,0.1701083894253023,0,1.1811675655750264,4.485380398845844,5800,0.003351,0,0
375034775,15.176358099980185,0.96,0.0305759809300627,1323.6395333897228,0.1701083894253023,0,1.1811675655750264,4.485380398845844,5800,0.015076,0,0
375034775,15.176358099980185,0.96,0.0305759809300627,1323.6395333897228,0.1701083894253023,0,1.1811675655750264,4.485380398845844,5800,0.004005,0,0
382252187,15.460339492119024,2.4000000000000004,0.0756680402591664,1319.664028553922,0.9047546261984089,0,1.189219026318084,4.878912486238595,5800,0.01513,0,0
382252187,15.460339492119024,2.4000000000000004,0.0756680402591664,1319.664028553922,0.9047546261984089,0,1.189219026318084,4.878912486238595,5800,0.0149,0,0
382252187,15.460339492119024,2.4000000000000004,0.0756680402591664,1319.664028553922,0.9047546261984089,0,1.189219026318084,4.878912486238595,5800,0.015015,0,0
382252187,15.460339492119024,2.4000000000000004,0.0756680402591664,1319.664028553922,0.9047546261984089,0,1.189219026318084,4.878912486238595,5800,0.01495,0,0
382252187,15.460339492119024,2.4000000000000004,0.0756680402591664,1319.664028553922,0.9047546261984089,0,1.189219026318084,4.878912486238595,5800,0.0149,0,0
382578987,0.457791844016735,1.44,0.0019567218813643,1310.8175215401566,0.093590426277228,1,-0.33933194894867375,3.2915291016047017,5800,0.01495,0,1
382578987,0.457791844016735,1.44,0.0019567218813643,1310.8175215401566,0.093590426277228,1,-0.33933194894867375,3.2915291016047017,5800,0.013954,0,1
382578987,0.457791844016735,1.44,0.0019567218813643,1310.8175215401566,0.093590426277228,1,-0.33933194894867375,3.2915291016047017,5800,0.013954,0,1
382578987,0.457791844016735,1.44,0.0019567218813643,1310.8175215401566,0.093590426277228,0,-0.33933194894867375,3.2915291016047017,5800,0.013954,0,0
382578987,0.457791844016735,1.44,0.0019567218813643,1310.8175215401566,0.093590426277228,0,-0.33933194894867375,3.2915291016047017,5800,0.01513,0,0
382578987,0.457791844016735,1.44,0.0019567218813643,1310.8175215401566,0.093590426277228,0,-0.33933194894867375,3.2915291016047017,5800,0.01525,0,0
382578987,0.457791844016735,1.44,0.0019567218813643,1310.8175215401566,0.093590426277228,0,-0.33933194894867375,3.2915291016047017,5800,0.01513,0,0
382578987,0.457791844016735,1.44,0.0019567218813643,1310.8175215401566,0.093590426277228,0,-0.33933194894867375,3.2915291016047017,5800,0.01495,0,0
38634572,1.035949741352085,2.4000000000000004,0.0042964854801073,1310.700417738125,0.1829711060746557,1,0.015338686313737594,3.6331133484408586,5800,0.01495,0,1
38634572,1.035949741352085,2.4000000000000004,0.0042964854801073,1310.700417738125,0.1829711060746557,1,0.015338686313737594,3.6331133484408586,5800,0.015015,0,1
38634572,1.035949741352085,2.4000000000000004,0.0042964854801073,1310.700417738125,0.1829711060746557,1,0.015338686313737594,3.6331133484408586,5800,0.0139,0,1
38634572,1.035949741352085,2.4000000000000004,0.0042964854801073,1310.700417738125,0.1829711060746557,0,0.015338686313737594,3.6331133484408586,5800,0.015076,0,0
38634572,1.035949741352085,2.4000000000000004,0.0042964854801073,1310.700417738125,0.1829711060746557,0,0.015338686313737594,3.6331133484408586,5800,0.013954,0,0
38634572,1.035949741352085,2.4000000000000004,0.0042964854801073,1310.700417738125,0.1829711060746557,0,0.015338686313737594,3.6331133484408586,5800,0.015015,0,0
38634572,1.035949741352085,2.4000000000000004,0.0042964854801073,1310.700417738125,0.1829711060746557,0,0.015338686313737594,3.6331133484408586,5800,0.0149,0,0
38634572,1.035949741352085,2.4000000000000004,0.0042964854801073,1310.700417738125,0.1829711060746557,0,0.015338686313737594,3.6331133484408586,5800,0.015015,0,0
382304528,1.3155969653178574,1.92,0.0008929732235417,1311.1470321569825,0.0306526424916917,0,0.1191228630264662,2.9508384364446125,5800,0.006123,0,0
382304528,1.3155969653178574,1.92,0.0008929732235417,1311.1470321569825,0.0306526424916917,0,0.1191228630264662,2.9508384364446125,5800,0.01543,0,0
382304528,1.3155969653178574,1.92,0.0008929732235417,1311.1470321569825,0.0306526424916917,0,0.1191228630264662,2.9508384364446125,5800,0.01519,0,0
382304528,1.3155969653178574,1.92,0.0008929732235417,1311.1470321569825,0.0306526424916917,0,0.1191228630264662,2.9508384364446125,5800,0.01513,0,0
382304528,1.3155969653178574,1.92,0.0008929732235417,1311.1470321569825,0.0306526424916917,0,0.1191228630264662,2.9508384364446125,5800,0.015305,0,0
391001489,13.3247873234846,0.48,0.0105785601945243,1314.6038599874744,0.0569261364177418,1,1.1246602859932309,4.024426561638232,5800,0.01549,0,1
391001489,13.3247873234846,0.48,0.0105785601945243,1314.6038599874744,0.0569261364177418,1,1.1246602859932309,4.024426561638232,5800,0.015305,0,1
391001489,13.3247873234846,0.48,0.0105785601945243,1314.6038599874744,0.0569261364177418,1,1.1246602859932309,4.024426561638232,5800,0.01567,0,1
391001489,13.3247873234846,0.48,0.0105785601945243,1314.6038599874744,0.0569261364177418,0,1.1246602859932309,4.024426561638232,5800,0.01543,0,0
391001489,13.3247873234846,0.48,0.0105785601945243,1314.6038599874744,0.0569261364177418,0,1.1246602859932309,4.024426561638232,5800,0.01525,0,0
391001489,13.3247873234846,0.48,0.0105785601945243,1314.6038599874744,0.0569261364177418,0,1.1246602859932309,4.024426561638232,5800,0.015366,0,0
391001489,13.3247873234846,0.48,0.0105785601945243,1314.6038599874744,0.0569261364177418,0,1.1246602859932309,4.024426561638232,5800,0.01406,0,0
391001489,13.3247873234846,0.48,0.0105785601945243,1314.6038599874744,0.0569261364177418,0,1.1246602859932309,4.024426561638232,5800,0.015366,0,0
388202207,7.779526001157549,2.4000000000000004,0.0021329289190945,1313.7431425019277,0.0359364734284978,1,0.890953136661559,3.3289763826133285,5800,0.003914,0,1
388202207,7.779526001157549,2.4000000000000004,0.0021329289190945,1313.7431425019277,0.0359364734284978,1,0.890953136661559,3.3289763826133285,5800,0.01513,0,1
388202207,7.779526001157549,2.4000000000000004,0.0021329289190945,1313.7431425019277,0.0359364734284978,1,0.890953136661559,3.3289763826133285,5800,0.0149,0,1
388202207,7.779526001157549,2.4000000000000004,0.0021329289190945,1313.7431425019277,0.0359364734284978,0,0.890953136661559,3.3289763826133285,5800,0.015076,0,0
388202207,7.779526001157549,2.4000000000000004,0.0021329289190945,1313.7431425019277,0.0359364734284978,0,0.890953136661559,3.3289763826133285,5800,0.01543,0,0
388202207,7.779526001157549,2.4000000000000004,0.0021329289190945,1313.7431425019277,0.0359364734284978,0,0.890953136661559,3.3289763826133285,5800,0.01513,0,0
388202207,7.779526001157549,2.4000000000000004,0.0021329289190945,1313.7431425019277,0.0359364734284978,0,0.890953136661559,3.3289763826133285,5800,0.01495,0,0
388202207,7.779526001157549,2.4000000000000004,0.0021329289190945,1313.7431425019277,0.0359364734284978,0,0.890953136661559,3.3289763826133285,5800,0.0149,0,0
391925508,0.6337184221513897,1.44,0.0070967068124326,1310.9949400934595,0.2942694960199608,0,-0.1981036677802311,3.8510568635108586,5800,0.0149,0,0
391925508,0.6337184221513897,1.44,0.0070967068124326,1310.9949400934595,0.2942694960199608,0,-0.1981036677802311,3.8510568635108586,5800,0.0149,0,0
391925508,0.6337184221513897,1.44,0.0070967068124326,1310.9949400934595,0.2942694960199608,0,-0.1981036677802311,3.8510568635108586,5800,0.003885,0,0
391925508,0.6337184221513897,1.44,0.0070967068124326,1310.9949400934595,0.2942694960199608,0,-0.1981036677802311,3.8510568635108586,5800,0.0149,0,0
391925508,0.6337184221513897,1.44,0.0070967068124326,1310.9949400934595,0.2942694960199608,0,-0.1981036677802311,3.8510568635108586,5800,0.01554,0,0
394631720,0.7757516863547234,0.48,0.0074612651323432,1310.9629994016689,0.167610738364313,1,-0.11027727165903371,3.872812472702074,5800,0.015305,0,1
394631720,0.7757516863547234,0.48,0.0074612651323432,1310.9629994016689,0.167610738364313,1,-0.11027727165903371,3.872812472702074,5800,0.015305,0,1
394631720,0.7757516863547234,0.48,0.0074612651323432,1310.9629994016689,0.167610738364313,1,-0.11027727165903371,3.872812472702074,5800,0.015076,0,1
394631720,0.7757516863547234,0.48,0.0074612651323432,1310.9629994016689,0.167610738364313,0,-0.11027727165903371,3.872812472702074,5800,0.003944,0,0
394631720,0.7757516863547234,0.48,0.0074612651323432,1310.9629994016689,0.167610738364313,0,-0.11027727165903371,3.872812472702074,5800,0.003721,0,0
394631720,0.7757516863547234,0.48,0.0074612651323432,1310.9629994016689,0.167610738364313,0,-0.11027727165903371,3.872812472702074,5800,0.01495,0,0
394631720,0.7757516863547234,0.48,0.0074612651323432,1310.9629994016689,0.167610738364313,0,-0.11027727165903371,3.872812472702074,5800,0.01513,0,0
394631720,0.7757516863547234,0.48,0.0074612651323432,1310.9629994016689,0.167610738364313,0,-0.11027727165903371,3.872812472702074,5800,0.003376,0,0
407621805,9.868232845466313,1.92,0.006204838976737,1317.8992383310149,0.0812595713515137,0,0.9942393883154811,3.7927305155008284,5800,0.01495,0,0
407621805,9.868232845466313,1.92,0.006204838976737,1317.8992383310149,0.0812595713515137,0,0.9942393883154811,3.7927305155008284,5800,0.0139,0,0
407621805,9.868232845466313,1.92,0.006204838976737,1317.8992383310149,0.0812595713515137,0,0.9942393883154811,3.7927305155008284,5800,0.01369,0,0
407621805,9.868232845466313,1.92,0.006204838976737,1317.8992383310149,0.0812595713515137,0,0.9942393883154811,3.7927305155008284,5800,0.01543,0,0
407621805,9.868232845466313,1.92,0.006204838976737,1317.8992383310149,0.0812595713515137,0,0.9942393883154811,3.7927305155008284,5800,0.015305,0,0
405867785,15.08654530185095,0.48,0.0057086318537043,1323.427370626678,0.0301861712009761,1,1.1785898011994163,3.7565320365151686,5800,0.0139,0,1
405867785,15.08654530185095,0.48,0.0057086318537043,1323.427370626678,0.0301861712009761,1,1.1785898011994163,3.7565320365151686,5800,0.01513,0,1
405867785,15.08654530185095,0.48,0.0057086318537043,1323.427370626678,0.0301861712009761,1,1.1785898011994163,3.7565320365151686,5800,0.0139,0,1
405867785,15.08654530185095,0.48,0.0057086318537043,1323.427370626678,0.0301861712009761,0,1.1785898011994163,3.7565320365151686,5800,0.015076,0,0
405867785,15.08654530185095,0.48,0.0057086318537043,1323.427370626678,0.0301861712009761,0,1.1785898011994163,3.7565320365151686,5800,0.01374,0,0
405867785,15.08654530185095,0.48,0.0057086318537043,1323.427370626678,0.0301861712009761,0,1.1785898011994163,3.7565320365151686,5800,0.01525,0,0
405867785,15.08654530185095,0.48,0.0057086318537043,1323.427370626678,0.0301861712009761,0,1.1785898011994163,3.7565320365151686,5800,0.01406,0,0
405867785,15.08654530185095,0.48,0.0057086318537043,1323.427370626678,0.0301861712009761,0,1.1785898011994163,3.7565320365151686,5800,0.015076,0,0
404162701,0.5471400254915543,0.48,0.0010413537458366,1310.6932962480453,0.0279091289907379,0,-0.2619015136738389,3.0175982835624033,5800,0.003325,0,0
404162701,0.5471400254915543,0.48,0.0010413537458366,1310.6932962480453,0.0279091289907379,0,-0.2619015136738389,3.0175982835624033,5800,0.003338,0,0
404162701,0.5471400254915543,0.48,0.0010413537458366,1310.6932962480453,0.0279091289907379,0,-0.2619015136738389,3.0175982835624033,5800,0.01519,0,0
404162701,0.5471400254915543,0.48,0.0010413537458366,1310.6932962480453,0.0279091289907379,0,-0.2619015136738389,3.0175982835624033,5800,0.01525,0,0
404162701,0.5471400254915543,0.48,0.0010413537458366,1310.6932962480453,0.0279091289907379,0,-0.2619015136738389,3.0175982835624033,5800,0.002811,0,0
431481560,0.9149179447518055,1.92,0.018537592286541,1311.3474777227052,0.7426393214715525,0,-0.03861785428271475,4.268053326109843,5800,0.0039,0,0
431481560,0.9149179447518055,1.92,0.018537592286541,1311.3474777227052,0.7426393214715525,0,-0.03861785428271475,4.268053326109843,5800,0.01543,0,0
431481560,0.9149179447518055,1.92,0.018537592286541,1311.3474777227052,0.7426393214715525,0,-0.03861785428271475,4.268053326109843,5800,0.015015,0,0
431481560,0.9149179447518055,1.92,0.018537592286541,1311.3474777227052,0.7426393214715525,0,-0.03861785428271475,4.268053326109843,5800,0.015076,0,0
431481560,0.9149179447518055,1.92,0.018537592286541,1311.3474777227052,0.7426393214715525,0,-0.03861785428271475,4.268053326109843,5800,0.0039,0,0
410355112,20.446149788762355,2.4000000000000004,0.0049614043748771,1330.5739662888925,0.0420233644497419,0,1.310611538117266,3.6956046252665353,5800,0.015015,0,0
410355112,20.446149788762355,2.4000000000000004,0.0049614043748771,1330.5739662888925,0.0420233644497419,0,1.310611538117266,3.6956046252665353,5800,0.01513,0,0
410355112,20.446149788762355,2.4000000000000004,0.0049614043748771,1330.5739662888925,0.0420233644497419,0,1.310611538117266,3.6956046252665353,5800,0.01495,0,0
410355112,20.446149788762355,2.4000000000000004,0.0049614043748771,1330.5739662888925,0.0420233644497419,0,1.310611538117266,3.6956046252665353,5800,0.015366,0,0
410355112,20.446149788762355,2.4000000000000004,0.0049614043748771,1330.5739662888925,0.0420233644497419,0,1.310611538117266,3.6956046252665353,5800,0.015366,0,0
466160811,15.819160329833055,0.48,0.0042285533292382,1317.3162024248618,0.0223597944306069,0,1.1991834277205697,3.626191812152736,5800,0.00384,0,0
466160811,15.819160329833055,0.48,0.0042285533292382,1317.3162024248618,0.0223597944306069,0,1.1991834277205697,3.626191812152736,5800,0.003944,0,0
466160811,15.819160329833055,0.48,0.0042285533292382,1317.3162024248618,0.0223597944306069,0,1.1991834277205697,3.626191812152736,5800,0.0139,0,0
466160811,15.819160329833055,0.48,0.0042285533292382,1317.3162024248618,0.0223597944306069,0,1.1991834277205697,3.626191812152736,5800,0.003944,0,0
466160811,15.819160329833055,0.48,0.0042285533292382,1317.3162024248618,0.0223597944306069,0,1.1991834277205697,3.626191812152736,5800,0.01495,0,0
466686710,4.89538389171109,1.92,0.0016150025605437,1313.6478349612955,0.0297808289861622,0,0.6897867544669412,3.208173215230043,5800,0.01513,0,0
466686710,4.89538389171109,1.92,0.0016150025605437,1313.6478349612955,0.0297808289861622,0,0.6897867544669412,3.208173215230043,5800,0.01519,0,0
466686710,4.89538389171109,1.92,0.0016150025605437,1313.6478349612955,0.0297808289861622,0,0.6897867544669412,3.208173215230043,5800,0.015076,0,0
466686710,4.89538389171109,1.92,0.0016150025605437,1313.6478349612955,0.0297808289861622,0,0.6897867544669412,3.208173215230043,5800,0.01519,0,0
466686710,4.89538389171109,1.92,0.0016150025605437,1313.6478349612955,0.0297808289861622,0,0.6897867544669412,3.208173215230043,5800,0.01385,0,0
50316633,24.311746393737263,2.4000000000000004,0.0017199051953642,1312.2038977096054,0.0205647216023932,1,1.3858161567833482,3.2355045083814216,5800,0.00259,0,1
50316633,24.311746393737263,2.4000000000000004,0.0017199051953642,1312.2038977096054,0.0205647216023932,1,1.3858161567833482,3.2355045083814216,5800,0.00259,0,1
50316633,24.311746393737263,2.4000000000000004,0.0017199051953642,1312.2038977096054,0.0205647216023932,1,1.3858161567833482,3.2355045083814216,5800,0.00259,0,1
50316633,24.311746393737263,2.4000000000000004,0.0017199051953642,1312.2038977096054,0.0205647216023932,0,1.3858161567833482,3.2355045083814216,5800,0.01495,0,0
50316633,24.311746393737263,2.4000000000000004,0.0017199051953642,1312.2038977096054,0.0205647216023932,0,1.3858161567833482,3.2355045083814216,5800,0.015015,0,0
50316633,24.311746393737263,2.4000000000000004,0.0017199051953642,1312.2038977096054,0.0205647216023932,0,1.3858161567833482,3.2355045083814216,5800,0.01549,0,0
50316633,24.311746393737263,2.4000000000000004,0.0017199051953642,1312.2038977096054,0.0205647216023932,0,1.3858161567833482,3.2355045083814216,5800,0.015015,0,0
50316633,24.311746393737263,2.4000000000000004,0.0017199051953642,1312.2038977096054,0.0205647216023932,0,1.3858161567833482,3.2355045083814216,5800,0.01525,0,0
55270064,19.467417110850477,0.48,0.0075035159332811,1310.7640288639666,0.0403784790913002,1,1.2893083342156555,3.8752648090749204,5800,0.015305,0,1
55270064,19.467417110850477,0.48,0.0075035159332811,1310.7640288639666,0.0403784790913002,1,1.2893083342156555,3.8752648090749204,5800,0.015366,0,1
55270064,19.467417110850477,0.48,0.0075035159332811,1310.7640288639666,0.0403784790913002,1,1.2893083342156555,3.8752648090749204,5800,0.01543,0,1
55270064,19.467417110850477,0.48,0.0075035159332811,1310.7640288639666,0.0403784790913002,0,1.2893083342156555,3.8752648090749204,5800,0.015076,0,0
55270064,19.467417110850477,0.48,0.0075035159332811,1310.7640288639666,0.0403784790913002,0,1.2893083342156555,3.8752648090749204,5800,0.01513,0,0
55270064,19.467417110850477,0.48,0.0075035159332811,1310.7640288639666,0.0403784790913002,0,1.2893083342156555,3.8752648090749204,5800,0.003496,0,0
55270064,19.467417110850477,0.48,0.0075035159332811,1310.7640288639666,0.0403784790913002,0,1.2893083342156555,3.8752648090749204,5800,0.015305,0,0
55270064,19.467417110850477,0.48,0.0075035159332811,1310.7640288639666,0.0403784790913002,0,1.2893083342156555,3.8752648090749204,5800,0.003885,0,0
61269826,0.4038356207417292,2.4000000000000004,0.0015028061666812,1310.8794735950987,0.0917220190228162,1,-0.3937953763054918,3.1769029684981622,5800,0.015366,0,1
61269826,0.4038356207417292,2.4000000000000004,0.0015028061666812,1310.8794735950987,0.0917220190228162,1,-0.3937953763054918,3.1769029684981622,5800,0.0149,0,1
61269826,0.4038356207417292,2.4000000000000004,0.0015028061666812,1310.8794735950987,0.0917220190228162,1,-0.3937953763054918,3.1769029684981622,5800,0.01374,0,1
61269826,0.4038356207417292,2.4000000000000004,0.0015028061666812,1310.8794735950987,0.0917220190228162,0,-0.3937953763054918,3.1769029684981622,5800,0.013954,0,0
61269826,0.4038356207417292,2.4000000000000004,0.0015028061666812,1310.8794735950987,0.0917220190228162,0,-0.3937953763054918,3.1769029684981622,5800,0.003975,0,0
61269826,0.4038356207417292,2.4000000000000004,0.0015028061666812,1310.8794735950987,0.0917220190228162,0,-0.3937953763054918,3.1769029684981622,5800,0.013954,0,0
61269826,0.4038356207417292,2.4000000000000004,0.0015028061666812,1310.8794735950987,0.0917220190228162,0,-0.3937953763054918,3.1769029684981622,5800,0.01401,0,0
61269826,0.4038356207417292,2.4000000000000004,0.0015028061666812,1310.8794735950987,0.0917220190228162,0,-0.3937953763054918,3.1769029684981622,5800,0.00396,0,0
55849446,16.719159846498805,2.4000000000000004,0.0027032770290312,1317.433828584946,0.0323227929458049,1,1.2232144499452824,3.4318905540282234,5800,0.01519,0,1
55849446,16.719159846498805,2.4000000000000004,0.0027032770290312,1317.433828584946,0.0323227929458049,1,1.2232144499452824,3.4318905540282234,5800,0.01401,0,1
55849446,16.719159846498805,2.4000000000000004,0.0027032770290312,1317.433828584946,0.0323227929458049,1,1.2232144499452824,3.4318905540282234,5800,0.014114,0,1
55849446,16.719159846498805,2.4000000000000004,0.0027032770290312,1317.433828584946,0.0323227929458049,0,1.2232144499452824,3.4318905540282234,5800,0.015076,0,0
55849446,16.719159846498805,2.4000000000000004,0.0027032770290312,1317.433828584946,0.0323227929458049,0,1.2232144499452824,3.4318905540282234,5800,0.01549,0,0
55849446,16.719159846498805,2.4000000000000004,0.0027032770290312,1317.433828584946,0.0323227929458049,0,1.2232144499452824,3.4318905540282234,5800,0.01385,0,0
55849446,16.719159846498805,2.4000000000000004,0.0027032770290312,1317.433828584946,0.0323227929458049,0,1.2232144499452824,3.4318905540282234,5800,0.015076,0,0
55849446,16.719159846498805,2.4000000000000004,0.0027032770290312,1317.433828584946,0.0323227929458049,0,1.2232144499452824,3.4318905540282234,5800,0.01519,0,0
79754655,0.3061545829224,1.92,0.1562808161916189,1310.737480687168,9.727090847044549,0,-0.5140592350915105,5.0,5800,0.01519,0,0
79754655,0.3061545829224,1.92,0.1562808161916189,1310.737480687168,9.727090847044549,0,-0.5140592350915105,5.0,5800,0.01513,0,0
79754655,0.3061545829224,1.92,0.1562808161916189,1310.737480687168,9.727090847044549,0,-0.5140592350915105,5.0,5800,0.01554,0,0
79754655,0.3061545829224,1.92,0.1562808161916189,1310.737480687168,9.727090847044549,0,-0.5140592350915105,5.0,5800,0.01513,0,0
79754655,0.3061545829224,1.92,0.1562808161916189,1310.737480687168,9.727090847044549,0,-0.5140592350915105,5.0,5800,0.01513,0,0
80089548,10.109416980528575,2.4000000000000004,0.0065520006736153,1320.4895143428375,0.0783415679857051,1,1.0047261101468523,3.8163739334024527,5800,0.01385,0,1
80089548,10.109416980528575,2.4000000000000004,0.0065520006736153,1320.4895143428375,0.0783415679857051,1,1.0047261101468523,3.8163739334024527,5800,0.01406,0,1
80089548,10.109416980528575,2.4000000000000004,0.0065520006736153,1320.4895143428375,0.0783415679857051,1,1.0047261101468523,3.8163739334024527,5800,0.01423,0,1
80089548,10.109416980528575,2.4000000000000004,0.0065520006736153,1320.4895143428375,0.0783415679857051,0,1.0047261101468523,3.8163739334024527,5800,0.013954,0,0
80089548,10.109416980528575,2.4000000000000004,0.0065520006736153,1320.4895143428375,0.0783415679857051,0,1.0047261101468523,3.8163739334024527,5800,0.01495,0,0
80089548,10.109416980528575,2.4000000000000004,0.0065520006736153,1320.4895143428375,0.0783415679857051,0,1.0047261101468523,3.8163739334024527,5800,0.015076,0,0
80089548,10.109416980528575,2.4000000000000004,0.0065520006736153,1320.4895143428375,0.0783415679857051,0,1.0047261101468523,3.8163739334024527,5800,0.0139,0,0
80089548,10.109416980528575,2.4000000000000004,0.0065520006736153,1320.4895143428375,0.0783415679857051,0,1.0047261101468523,3.8163739334024527,5800,0.0139,0,0
90904124,16.325962652207078,2.4000000000000004,0.0024899617285341,1322.5291999655892,0.0210901110407255,1,1.212878798658628,3.396192671909315,5800,0.01543,0,1
90904124,16.325962652207078,2.4000000000000004,0.0024899617285341,1322.5291999655892,0.0210901110407255,1,1.212878798658628,3.396192671909315,5800,0.015305,0,1
90904124,16.325962652207078,2.4000000000000004,0.0024899617285341,1322.5291999655892,0.0210901110407255,1,1.212878798658628,3.396192671909315,5800,0.01385,0,1
90904124,16.325962652207078,2.4000000000000004,0.0024899617285341,1322.5291999655892,0.0210901110407255,0,1.212878798658628,3.396192671909315,5800,0.01525,0,0
90904124,16.325962652207078,2.4000000000000004,0.0024899617285341,1322.5291999655892,0.0210901110407255,0,1.212878798658628,3.396192671909315,5800,0.003944,0,0
90904124,16.325962652207078,2.4000000000000004,0.0024899617285341,1322.5291999655892,0.0210901110407255,0,1.212878798658628,3.396192671909315,5800,0.003944,0,0
90904124,16.325962652207078,2.4000000000000004,0.0024899617285341,1322.5291999655892,0.0210901110407255,0,1.212878798658628,3.396192671909315,5800,0.003914,0,0
90904124,16.325962652207078,2.4000000000000004,0.0024899617285341,1322.5291999655892,0.0210901110407255,0,1.212878798658628,3.396192671909315,5800,0.015015,0,0
79955151,6.528201864809131,2.4000000000000004,0.0177113038551214,1312.795391005461,0.2984074127720143,0,0.8147935751908472,4.248250533874479,5800,0.015076,0,0
79955151,6.528201864809131,2.4000000000000004,0.0177113038551214,1312.795391005461,0.2984074127720143,0,0.8147935751908472,4.248250533874479,5800,0.015076,0,0
79955151,6.528201864809131,2.4000000000000004,0.0177113038551214,1312.795391005461,0.2984074127720143,0,0.8147935751908472,4.248250533874479,5800,0.01519,0,0
79955151,6.528201864809131,2.4000000000000004,0.0177113038551214,1312.795391005461,0.2984074127720143,0,0.8147935751908472,4.248250533874479,5800,0.015076,0,0
79955151,6.528201864809131,2.4000000000000004,0.0177113038551214,1312.795391005461,0.2984074127720143,0,0.8147935751908472,4.248250533874479,5800,0.015076,0,0
97176846,3.9668572390126777,1.44,0.0035447599007825,1313.9738517563976,0.0612359310387655,1,0.5984465711762784,3.5495868242026942,5800,0.003975,0,1
97176846,3.9668572390126777,1.44,0.0035447599007825,1313.9738517563976,0.0612359310387655,1,0.5984465711762784,3.5495868242026942,5800,0.00396,0,1
97176846,3.9668572390126777,1.44,0.0035447599007825,1313.9738517563976,0.0612359310387655,1,0.5984465711762784,3.5495868242026942,5800,0.0039,0,1
97176846,3.9668572390126777,1.44,0.0035447599007825,1313.9738517563976,0.0612359310387655,0,0.5984465711762784,3.5495868242026942,5800,0.003483,0,0
97176846,3.9668572390126777,1.44,0.0035447599007825,1313.9738517563976,0.0612359310387655,0,0.5984465711762784,3.5495868242026942,5800,0.003664,0,0
97176846,3.9668572390126777,1.44,0.0035447599007825,1313.9738517563976,0.0612359310387655,0,0.5984465711762784,3.5495868242026942,5800,0.015076,0,0
97176846,3.9668572390126777,1.44,0.0035447599007825,1313.9738517563976,0.0612359310387655,0,0.5984465711762784,3.5495868242026942,5800,0.01525,0,0
97176846,3.9668572390126777,1.44,0.0035447599007825,1313.9738517563976,0.0612359310387655,0,0.5984465711762784,3.5495868242026942,5800,0.003914,0,0
