gate,rate
pass_base,0.12871287128712872
pass_consistency,0.44554455445544555
